0,"",NaN,NaN,NaN,NaN,NaN,NaN,NaN,NaN,NaN,NaN,NaN,NaN,NaN,NaN,NaN,NaN,NaN,NaN
7319,"1990-01-14T16:34:20",NaN,NaN,NaN,NaN,NaN,NaN,NaN,NaN,2.00000,NaN,NaN,NaN,NaN,NaN,NaN,NaN,NaN,2.00000
7321,"1990-01-16T17:25:51",NaN,NaN,NaN,NaN,NaN,NaN,NaN,NaN,2.00000,NaN,NaN,NaN,NaN,NaN,NaN,NaN,NaN,2.00000
7325,"1990-01-20T16:38:13",NaN,NaN,NaN,NaN,NaN,NaN,NaN,NaN,2.00000,NaN,NaN,NaN,NaN,NaN,NaN,NaN,NaN,2.00000
7326,"1990-01-21T16:26:48",NaN,NaN,NaN,NaN,NaN,NaN,NaN,NaN,2.00000,NaN,NaN,NaN,NaN,NaN,NaN,NaN,NaN,2.00000
7328,"1990-01-23T17:11:08",NaN,NaN,NaN,NaN,NaN,NaN,NaN,NaN,2.00000,NaN,NaN,NaN,NaN,NaN,NaN,NaN,NaN,2.00000
7329,"1990-01-24T16:46:07",NaN,NaN,NaN,NaN,NaN,NaN,NaN,NaN,2.00000,NaN,NaN,NaN,NaN,NaN,NaN,NaN,NaN,2.00000
7330,"1990-01-25T16:51:04",NaN,NaN,NaN,NaN,NaN,NaN,NaN,NaN,2.00000,NaN,NaN,NaN,NaN,NaN,NaN,NaN,NaN,2.00000
7331,"1990-01-26T17:08:02",NaN,NaN,NaN,NaN,NaN,NaN,NaN,NaN,2.00000,NaN,NaN,NaN,NaN,NaN,NaN,NaN,NaN,2.00000
7332,"1990-01-27T16:35:51",NaN,NaN,NaN,NaN,NaN,NaN,NaN,NaN,2.00000,NaN,NaN,NaN,NaN,NaN,NaN,NaN,NaN,2.00000
7333,"1990-01-28T16:56:13",NaN,NaN,NaN,NaN,NaN,NaN,NaN,NaN,2.00000,NaN,NaN,NaN,NaN,NaN,NaN,NaN,NaN,2.00000
7334,"1990-01-29T16:54:17",NaN,NaN,NaN,NaN,NaN,NaN,NaN,NaN,2.00000,NaN,NaN,NaN,NaN,NaN,NaN,NaN,NaN,2.00000
7335,"1990-01-30T16:48:23",NaN,NaN,NaN,NaN,NaN,NaN,NaN,NaN,2.00000,NaN,NaN,NaN,NaN,NaN,NaN,NaN,NaN,2.00000
7339,"1990-02-03T17:12:14",NaN,NaN,NaN,NaN,NaN,NaN,NaN,NaN,2.00000,NaN,NaN,NaN,NaN,NaN,NaN,NaN,NaN,2.00000
7340,"1990-02-04T15:03:49",NaN,NaN,NaN,NaN,NaN,NaN,NaN,NaN,2.00000,NaN,NaN,NaN,NaN,NaN,NaN,NaN,NaN,2.00000
7341,"1990-02-05T17:13:29",NaN,NaN,NaN,NaN,NaN,NaN,NaN,NaN,2.00000,NaN,NaN,NaN,NaN,NaN,NaN,NaN,NaN,2.00000
7342,"1990-02-06T17:18:20",NaN,NaN,NaN,NaN,NaN,NaN,NaN,NaN,2.00000,NaN,NaN,NaN,NaN,NaN,NaN,NaN,NaN,2.00000
7343,"1990-02-07T21:07:04",NaN,NaN,NaN,NaN,NaN,NaN,NaN,NaN,2.00000,NaN,NaN,NaN,NaN,NaN,NaN,NaN,NaN,2.00000
7345,"1990-02-09T17:39:29",-4.44406,-19.4634,1.67339e+22,-6.73265e+21,5.00062e+21,-1.17333e+22,14700.0,3.35397e+20,0.00000,0.224967,0.0884331,4.22608e+22,-8.33074e+20,2.07139e+22,-2.15469e+22,73774.0,1.19815e+21,0.00000
7346,"1990-02-10T17:20:02",NaN,NaN,NaN,NaN,NaN,NaN,NaN,NaN,2.00000,NaN,NaN,NaN,NaN,NaN,NaN,NaN,NaN,2.00000
7347,"1990-02-11T18:02:42",NaN,NaN,NaN,NaN,NaN,NaN,NaN,NaN,2.00000,NaN,NaN,NaN,NaN,NaN,NaN,NaN,NaN,2.00000
7352,"1990-02-16T18:00:17",NaN,NaN,NaN,NaN,NaN,NaN,NaN,NaN,2.00000,NaN,NaN,NaN,NaN,NaN,NaN,NaN,NaN,2.00000
7353,"1990-02-17T14:56:33",NaN,NaN,NaN,NaN,NaN,NaN,NaN,NaN,2.00000,NaN,NaN,NaN,NaN,NaN,NaN,NaN,NaN,2.00000
7354,"1990-02-18T14:53:58",NaN,NaN,NaN,NaN,NaN,NaN,NaN,NaN,2.00000,NaN,NaN,NaN,NaN,NaN,NaN,NaN,NaN,2.00000
7356,"1990-02-20T19:25:07",NaN,NaN,NaN,NaN,NaN,NaN,NaN,NaN,2.00000,NaN,NaN,NaN,NaN,NaN,NaN,NaN,NaN,2.00000
7357,"1990-02-21T18:23:06",NaN,NaN,NaN,NaN,NaN,NaN,NaN,NaN,2.00000,NaN,NaN,NaN,NaN,NaN,NaN,NaN,NaN,2.00000
7358,"1990-02-22T17:51:27",NaN,NaN,NaN,NaN,NaN,NaN,NaN,NaN,2.00000,NaN,NaN,NaN,NaN,NaN,NaN,NaN,NaN,2.00000
7360,"1990-02-24T18:30:17",NaN,NaN,NaN,NaN,NaN,NaN,NaN,NaN,2.00000,NaN,NaN,NaN,NaN,NaN,NaN,NaN,NaN,2.00000
7361,"1990-02-25T18:28:14",NaN,NaN,NaN,NaN,NaN,NaN,NaN,NaN,2.00000,NaN,NaN,NaN,NaN,NaN,NaN,NaN,NaN,2.00000
7364,"1990-02-28T17:15:02",NaN,NaN,NaN,NaN,NaN,NaN,NaN,NaN,2.00000,NaN,NaN,NaN,NaN,NaN,NaN,NaN,NaN,2.00000
7365,"1990-03-01T14:44:01",NaN,NaN,NaN,NaN,NaN,NaN,NaN,NaN,2.00000,NaN,NaN,NaN,NaN,NaN,NaN,NaN,NaN,2.00000
7370,"1990-03-06T17:22:28",NaN,NaN,NaN,NaN,NaN,NaN,NaN,NaN,2.00000,NaN,NaN,NaN,NaN,NaN,NaN,NaN,NaN,2.00000
7371,"1990-03-07T14:52:15",NaN,NaN,NaN,NaN,NaN,NaN,NaN,NaN,2.00000,NaN,NaN,NaN,NaN,NaN,NaN,NaN,NaN,2.00000
7372,"1990-03-08T18:06:38",NaN,NaN,NaN,NaN,NaN,NaN,NaN,NaN,2.00000,NaN,NaN,NaN,NaN,NaN,NaN,NaN,NaN,2.00000
7376,"1990-03-12T22:27:53",NaN,NaN,NaN,NaN,NaN,NaN,NaN,NaN,2.00000,NaN,NaN,NaN,NaN,NaN,NaN,NaN,NaN,2.00000
7377,"1990-03-13T18:03:24",NaN,NaN,NaN,NaN,NaN,NaN,NaN,NaN,2.00000,NaN,NaN,NaN,NaN,NaN,NaN,NaN,NaN,2.00000
7378,"1990-03-14T17:51:54",NaN,NaN,NaN,NaN,NaN,NaN,NaN,NaN,2.00000,NaN,NaN,NaN,NaN,NaN,NaN,NaN,NaN,2.00000
7379,"1990-03-15T14:51:39",NaN,NaN,NaN,NaN,NaN,NaN,NaN,NaN,2.00000,NaN,NaN,NaN,NaN,NaN,NaN,NaN,NaN,2.00000
7380,"1990-03-16T14:37:57",NaN,NaN,NaN,NaN,NaN,NaN,NaN,NaN,2.00000,NaN,NaN,NaN,NaN,NaN,NaN,NaN,NaN,2.00000
7381,"1990-03-17T17:11:00",NaN,NaN,NaN,NaN,NaN,NaN,NaN,NaN,2.00000,NaN,NaN,NaN,NaN,NaN,NaN,NaN,NaN,2.00000
7382,"1990-03-18T16:15:48",NaN,NaN,NaN,NaN,NaN,NaN,NaN,NaN,2.00000,NaN,NaN,NaN,NaN,NaN,NaN,NaN,NaN,2.00000
7383,"1990-03-19T15:19:54",NaN,NaN,NaN,NaN,NaN,NaN,NaN,NaN,2.00000,NaN,NaN,NaN,NaN,NaN,NaN,NaN,NaN,2.00000
7386,"1990-03-22T17:33:43",NaN,NaN,NaN,NaN,NaN,NaN,NaN,NaN,2.00000,NaN,NaN,NaN,NaN,NaN,NaN,NaN,NaN,2.00000
7387,"1990-03-23T19:45:20",NaN,NaN,NaN,NaN,NaN,NaN,NaN,NaN,2.00000,NaN,NaN,NaN,NaN,NaN,NaN,NaN,NaN,2.00000
7388,"1990-03-24T15:19:20",NaN,NaN,NaN,NaN,NaN,NaN,NaN,NaN,2.00000,NaN,NaN,NaN,NaN,NaN,NaN,NaN,NaN,2.00000
7389,"1990-03-25T15:01:05",NaN,NaN,NaN,NaN,NaN,NaN,NaN,NaN,2.00000,NaN,NaN,NaN,NaN,NaN,NaN,NaN,NaN,2.00000
7394,"1990-03-30T14:43:50",NaN,NaN,NaN,NaN,NaN,NaN,NaN,NaN,2.00000,NaN,NaN,NaN,NaN,NaN,NaN,NaN,NaN,2.00000
7396,"1990-04-01T14:39:17",NaN,NaN,NaN,NaN,NaN,NaN,NaN,NaN,2.00000,NaN,NaN,NaN,NaN,NaN,NaN,NaN,NaN,2.00000
7397,"1990-04-02T14:39:52",NaN,NaN,NaN,NaN,NaN,NaN,NaN,NaN,2.00000,NaN,NaN,NaN,NaN,NaN,NaN,NaN,NaN,2.00000
7398,"1990-04-03T16:13:37",NaN,NaN,NaN,NaN,NaN,NaN,NaN,NaN,2.00000,NaN,NaN,NaN,NaN,NaN,NaN,NaN,NaN,2.00000
7399,"1990-04-04T15:33:34",NaN,NaN,NaN,NaN,NaN,NaN,NaN,NaN,2.00000,NaN,NaN,NaN,NaN,NaN,NaN,NaN,NaN,2.00000
7401,"1990-04-06T15:41:17",NaN,NaN,NaN,NaN,NaN,NaN,NaN,NaN,2.00000,NaN,NaN,NaN,NaN,NaN,NaN,NaN,NaN,2.00000
7403,"1990-04-08T14:15:39",NaN,NaN,NaN,NaN,NaN,NaN,NaN,NaN,2.00000,NaN,NaN,NaN,NaN,NaN,NaN,NaN,NaN,2.00000
7404,"1990-04-09T14:47:29",NaN,NaN,NaN,NaN,NaN,NaN,NaN,NaN,2.00000,NaN,NaN,NaN,NaN,NaN,NaN,NaN,NaN,2.00000
7405,"1990-04-10T15:41:29",NaN,NaN,NaN,NaN,NaN,NaN,NaN,NaN,2.00000,NaN,NaN,NaN,NaN,NaN,NaN,NaN,NaN,2.00000
7406,"1990-04-11T16:31:32",NaN,NaN,NaN,NaN,NaN,NaN,NaN,NaN,2.00000,NaN,NaN,NaN,NaN,NaN,NaN,NaN,NaN,2.00000
7407,"1990-04-12T14:39:32",NaN,NaN,NaN,NaN,NaN,NaN,NaN,NaN,2.00000,NaN,NaN,NaN,NaN,NaN,NaN,NaN,NaN,2.00000
7408,"1990-04-13T14:13:31",NaN,NaN,NaN,NaN,NaN,NaN,NaN,NaN,2.00000,NaN,NaN,NaN,NaN,NaN,NaN,NaN,NaN,2.00000
7409,"1990-04-14T13:51:24",NaN,NaN,NaN,NaN,NaN,NaN,NaN,NaN,2.00000,NaN,NaN,NaN,NaN,NaN,NaN,NaN,NaN,2.00000
7410,"1990-04-15T14:01:15",NaN,NaN,NaN,NaN,NaN,NaN,NaN,NaN,2.00000,NaN,NaN,NaN,NaN,NaN,NaN,NaN,NaN,2.00000
7414,"1990-04-19T14:23:58",NaN,NaN,NaN,NaN,NaN,NaN,NaN,NaN,2.00000,NaN,NaN,NaN,NaN,NaN,NaN,NaN,NaN,2.00000
7415,"1990-04-20T14:09:08",NaN,NaN,NaN,NaN,NaN,NaN,NaN,NaN,2.00000,NaN,NaN,NaN,NaN,NaN,NaN,NaN,NaN,2.00000
7416,"1990-04-21T13:53:20",NaN,NaN,NaN,NaN,NaN,NaN,NaN,NaN,2.00000,NaN,NaN,NaN,NaN,NaN,NaN,NaN,NaN,2.00000
7417,"1990-04-22T14:55:14",NaN,NaN,NaN,NaN,NaN,NaN,NaN,NaN,2.00000,NaN,NaN,NaN,NaN,NaN,NaN,NaN,NaN,2.00000
7418,"1990-04-23T15:59:30",NaN,NaN,NaN,NaN,NaN,NaN,NaN,NaN,2.00000,NaN,NaN,NaN,NaN,NaN,NaN,NaN,NaN,2.00000
7421,"1990-04-26T14:00:04",NaN,NaN,NaN,NaN,NaN,NaN,NaN,NaN,2.00000,NaN,NaN,NaN,NaN,NaN,NaN,NaN,NaN,2.00000
7422,"1990-04-27T13:52:57",NaN,NaN,NaN,NaN,NaN,NaN,NaN,NaN,2.00000,NaN,NaN,NaN,NaN,NaN,NaN,NaN,NaN,2.00000
7423,"1990-04-28T15:17:14",NaN,NaN,NaN,NaN,NaN,NaN,NaN,NaN,2.00000,NaN,NaN,NaN,NaN,NaN,NaN,NaN,NaN,2.00000
7424,"1990-04-29T15:59:15",NaN,NaN,NaN,NaN,NaN,NaN,NaN,NaN,2.00000,NaN,NaN,NaN,NaN,NaN,NaN,NaN,NaN,2.00000
7426,"1990-05-01T15:27:01",NaN,NaN,NaN,NaN,NaN,NaN,NaN,NaN,2.00000,NaN,NaN,NaN,NaN,NaN,NaN,NaN,NaN,2.00000
7428,"1990-05-03T14:41:55",NaN,NaN,NaN,NaN,NaN,NaN,NaN,NaN,2.00000,NaN,NaN,NaN,NaN,NaN,NaN,NaN,NaN,2.00000
7429,"1990-05-04T15:43:29",NaN,NaN,NaN,NaN,NaN,NaN,NaN,NaN,2.00000,NaN,NaN,NaN,NaN,NaN,NaN,NaN,NaN,2.00000
7430,"1990-05-05T14:35:19",NaN,NaN,NaN,NaN,NaN,NaN,NaN,NaN,2.00000,NaN,NaN,NaN,NaN,NaN,NaN,NaN,NaN,2.00000
7431,"1990-05-06T18:21:39",NaN,NaN,NaN,NaN,NaN,NaN,NaN,NaN,2.00000,NaN,NaN,NaN,NaN,NaN,NaN,NaN,NaN,2.00000
7432,"1990-05-07T13:55:22",NaN,NaN,NaN,NaN,NaN,NaN,NaN,NaN,2.00000,NaN,NaN,NaN,NaN,NaN,NaN,NaN,NaN,2.00000
7433,"1990-05-08T14:29:26",NaN,NaN,NaN,NaN,NaN,NaN,NaN,NaN,2.00000,NaN,NaN,NaN,NaN,NaN,NaN,NaN,NaN,2.00000
7434,"1990-05-09T13:54:52",NaN,NaN,NaN,NaN,NaN,NaN,NaN,NaN,2.00000,NaN,NaN,NaN,NaN,NaN,NaN,NaN,NaN,2.00000
7436,"1990-05-11T13:31:43",NaN,NaN,NaN,NaN,NaN,NaN,NaN,NaN,2.00000,NaN,NaN,NaN,NaN,NaN,NaN,NaN,NaN,2.00000
7437,"1990-05-12T13:31:51",NaN,NaN,NaN,NaN,NaN,NaN,NaN,NaN,2.00000,NaN,NaN,NaN,NaN,NaN,NaN,NaN,NaN,2.00000
7438,"1990-05-13T13:51:43",NaN,NaN,NaN,NaN,NaN,NaN,NaN,NaN,2.00000,NaN,NaN,NaN,NaN,NaN,NaN,NaN,NaN,2.00000
7440,"1990-05-15T16:01:41",NaN,NaN,NaN,NaN,NaN,NaN,NaN,NaN,2.00000,NaN,NaN,NaN,NaN,NaN,NaN,NaN,NaN,2.00000
7441,"1990-05-16T15:47:50",NaN,NaN,NaN,NaN,NaN,NaN,NaN,NaN,2.00000,NaN,NaN,NaN,NaN,NaN,NaN,NaN,NaN,2.00000
7442,"1990-05-17T17:30:35",NaN,NaN,NaN,NaN,NaN,NaN,NaN,NaN,2.00000,NaN,NaN,NaN,NaN,NaN,NaN,NaN,NaN,2.00000
7443,"1990-05-18T18:42:01",NaN,NaN,NaN,NaN,NaN,NaN,NaN,NaN,2.00000,NaN,NaN,NaN,NaN,NaN,NaN,NaN,NaN,2.00000
7445,"1990-05-20T14:21:29",NaN,NaN,NaN,NaN,NaN,NaN,NaN,NaN,2.00000,NaN,NaN,NaN,NaN,NaN,NaN,NaN,NaN,2.00000
7446,"1990-05-21T16:18:47",NaN,NaN,NaN,NaN,NaN,NaN,NaN,NaN,2.00000,NaN,NaN,NaN,NaN,NaN,NaN,NaN,NaN,2.00000
7447,"1990-05-22T17:26:12",NaN,NaN,NaN,NaN,NaN,NaN,NaN,NaN,2.00000,NaN,NaN,NaN,NaN,NaN,NaN,NaN,NaN,2.00000
7448,"1990-05-23T15:40:22",NaN,NaN,NaN,NaN,NaN,NaN,NaN,NaN,2.00000,NaN,NaN,NaN,NaN,NaN,NaN,NaN,NaN,2.00000
7449,"1990-05-24T16:52:40",NaN,NaN,NaN,NaN,NaN,NaN,NaN,NaN,2.00000,NaN,NaN,NaN,NaN,NaN,NaN,NaN,NaN,2.00000
7450,"1990-05-25T14:27:43",NaN,NaN,NaN,NaN,NaN,NaN,NaN,NaN,2.00000,NaN,NaN,NaN,NaN,NaN,NaN,NaN,NaN,2.00000
7451,"1990-05-26T15:29:13",NaN,NaN,NaN,NaN,NaN,NaN,NaN,NaN,2.00000,NaN,NaN,NaN,NaN,NaN,NaN,NaN,NaN,2.00000
7452,"1990-05-27T13:42:18",NaN,NaN,NaN,NaN,NaN,NaN,NaN,NaN,2.00000,NaN,NaN,NaN,NaN,NaN,NaN,NaN,NaN,2.00000
7453,"1990-05-28T14:45:10",NaN,NaN,NaN,NaN,NaN,NaN,NaN,NaN,2.00000,NaN,NaN,NaN,NaN,NaN,NaN,NaN,NaN,2.00000
7455,"1990-05-30T16:57:25",NaN,NaN,NaN,NaN,NaN,NaN,NaN,NaN,2.00000,NaN,NaN,NaN,NaN,NaN,NaN,NaN,NaN,2.00000
7458,"1990-06-02T14:09:00",NaN,NaN,NaN,NaN,NaN,NaN,NaN,NaN,2.00000,NaN,NaN,NaN,NaN,NaN,NaN,NaN,NaN,2.00000
7460,"1990-06-04T13:19:59",NaN,NaN,NaN,NaN,NaN,NaN,NaN,NaN,2.00000,NaN,NaN,NaN,NaN,NaN,NaN,NaN,NaN,2.00000
7461,"1990-06-05T13:34:16",NaN,NaN,NaN,NaN,NaN,NaN,NaN,NaN,2.00000,NaN,NaN,NaN,NaN,NaN,NaN,NaN,NaN,2.00000
7462,"1990-06-06T13:43:42",NaN,NaN,NaN,NaN,NaN,NaN,NaN,NaN,2.00000,NaN,NaN,NaN,NaN,NaN,NaN,NaN,NaN,2.00000
7463,"1990-06-07T15:43:06",NaN,NaN,NaN,NaN,NaN,NaN,NaN,NaN,2.00000,NaN,NaN,NaN,NaN,NaN,NaN,NaN,NaN,2.00000
7464,"1990-06-08T13:36:20",NaN,NaN,NaN,NaN,NaN,NaN,NaN,NaN,2.00000,NaN,NaN,NaN,NaN,NaN,NaN,NaN,NaN,2.00000
7465,"1990-06-09T17:34:05",NaN,NaN,NaN,NaN,NaN,NaN,NaN,NaN,2.00000,NaN,NaN,NaN,NaN,NaN,NaN,NaN,NaN,2.00000
7466,"1990-06-10T14:51:35",NaN,NaN,NaN,NaN,NaN,NaN,NaN,NaN,2.00000,NaN,NaN,NaN,NaN,NaN,NaN,NaN,NaN,2.00000
7467,"1990-06-11T14:35:38",NaN,NaN,NaN,NaN,NaN,NaN,NaN,NaN,2.00000,NaN,NaN,NaN,NaN,NaN,NaN,NaN,NaN,2.00000
7468,"1990-06-12T16:12:59",NaN,NaN,NaN,NaN,NaN,NaN,NaN,NaN,2.00000,NaN,NaN,NaN,NaN,NaN,NaN,NaN,NaN,2.00000
7469,"1990-06-13T16:19:29",NaN,NaN,NaN,NaN,NaN,NaN,NaN,NaN,2.00000,NaN,NaN,NaN,NaN,NaN,NaN,NaN,NaN,2.00000
7470,"1990-06-14T14:50:15",NaN,NaN,NaN,NaN,NaN,NaN,NaN,NaN,2.00000,NaN,NaN,NaN,NaN,NaN,NaN,NaN,NaN,2.00000
7472,"1990-06-16T13:28:58",NaN,NaN,NaN,NaN,NaN,NaN,NaN,NaN,2.00000,NaN,NaN,NaN,NaN,NaN,NaN,NaN,NaN,2.00000
7473,"1990-06-17T14:10:39",NaN,NaN,NaN,NaN,NaN,NaN,NaN,NaN,2.00000,NaN,NaN,NaN,NaN,NaN,NaN,NaN,NaN,2.00000
7474,"1990-06-18T13:40:36",NaN,NaN,NaN,NaN,NaN,NaN,NaN,NaN,2.00000,NaN,NaN,NaN,NaN,NaN,NaN,NaN,NaN,2.00000
7475,"1990-06-19T15:54:04",NaN,NaN,NaN,NaN,NaN,NaN,NaN,NaN,2.00000,NaN,NaN,NaN,NaN,NaN,NaN,NaN,NaN,2.00000
7476,"1990-06-20T16:09:28",NaN,NaN,NaN,NaN,NaN,NaN,NaN,NaN,2.00000,NaN,NaN,NaN,NaN,NaN,NaN,NaN,NaN,2.00000
7477,"1990-06-21T13:43:29",NaN,NaN,NaN,NaN,NaN,NaN,NaN,NaN,2.00000,NaN,NaN,NaN,NaN,NaN,NaN,NaN,NaN,2.00000
7478,"1990-06-22T13:40:35",NaN,NaN,NaN,NaN,NaN,NaN,NaN,NaN,2.00000,NaN,NaN,NaN,NaN,NaN,NaN,NaN,NaN,2.00000
7479,"1990-06-23T16:05:18",NaN,NaN,NaN,NaN,NaN,NaN,NaN,NaN,2.00000,NaN,NaN,NaN,NaN,NaN,NaN,NaN,NaN,2.00000
7480,"1990-06-24T16:35:55",NaN,NaN,NaN,NaN,NaN,NaN,NaN,NaN,2.00000,NaN,NaN,NaN,NaN,NaN,NaN,NaN,NaN,2.00000
7481,"1990-06-25T16:05:06",NaN,NaN,NaN,NaN,NaN,NaN,NaN,NaN,2.00000,NaN,NaN,NaN,NaN,NaN,NaN,NaN,NaN,2.00000
7482,"1990-06-26T17:45:55",NaN,NaN,NaN,NaN,NaN,NaN,NaN,NaN,2.00000,NaN,NaN,NaN,NaN,NaN,NaN,NaN,NaN,2.00000
7483,"1990-06-27T13:32:22",NaN,NaN,NaN,NaN,NaN,NaN,NaN,NaN,2.00000,NaN,NaN,NaN,NaN,NaN,NaN,NaN,NaN,2.00000
7484,"1990-06-28T15:05:25",NaN,NaN,NaN,NaN,NaN,NaN,NaN,NaN,2.00000,NaN,NaN,NaN,NaN,NaN,NaN,NaN,NaN,2.00000
7485,"1990-06-29T16:35:42",NaN,NaN,NaN,NaN,NaN,NaN,NaN,NaN,2.00000,NaN,NaN,NaN,NaN,NaN,NaN,NaN,NaN,2.00000
7486,"1990-06-30T14:29:05",NaN,NaN,NaN,NaN,NaN,NaN,NaN,NaN,2.00000,NaN,NaN,NaN,NaN,NaN,NaN,NaN,NaN,2.00000
7488,"1990-07-02T17:44:35",NaN,NaN,NaN,NaN,NaN,NaN,NaN,NaN,2.00000,0.0429046,-0.340285,2.08529e+22,-1.26130e+21,9.79583e+21,-1.10571e+22,25616.0,5.63301e+20,0.00000
7489,"1990-07-03T16:17:37",NaN,NaN,NaN,NaN,NaN,NaN,NaN,NaN,2.00000,NaN,NaN,NaN,NaN,NaN,NaN,NaN,NaN,2.00000
7490,"1990-07-04T14:47:31",NaN,NaN,NaN,NaN,NaN,NaN,NaN,NaN,2.00000,NaN,NaN,NaN,NaN,NaN,NaN,NaN,NaN,2.00000
7497,"1990-07-11T17:50:59",NaN,NaN,NaN,NaN,NaN,NaN,NaN,NaN,2.00000,NaN,NaN,NaN,NaN,NaN,NaN,NaN,NaN,2.00000
7498,"1990-07-12T16:25:28",NaN,NaN,NaN,NaN,NaN,NaN,NaN,NaN,2.00000,NaN,NaN,NaN,NaN,NaN,NaN,NaN,NaN,2.00000
7499,"1990-07-13T16:51:08",NaN,NaN,NaN,NaN,NaN,NaN,NaN,NaN,2.00000,NaN,NaN,NaN,NaN,NaN,NaN,NaN,NaN,2.00000
7504,"1990-07-18T15:46:55",NaN,NaN,NaN,NaN,NaN,NaN,NaN,NaN,2.00000,NaN,NaN,NaN,NaN,NaN,NaN,NaN,NaN,2.00000
7505,"1990-07-19T16:22:25",NaN,NaN,NaN,NaN,NaN,NaN,NaN,NaN,2.00000,NaN,NaN,NaN,NaN,NaN,NaN,NaN,NaN,2.00000
7506,"1990-07-20T18:53:29",NaN,NaN,NaN,NaN,NaN,NaN,NaN,NaN,2.00000,NaN,NaN,NaN,NaN,NaN,NaN,NaN,NaN,2.00000
7507,"1990-07-21T22:59:42",NaN,NaN,NaN,NaN,NaN,NaN,NaN,NaN,2.00000,NaN,NaN,NaN,NaN,NaN,NaN,NaN,NaN,2.00000
7508,"1990-07-22T13:50:34",NaN,NaN,NaN,NaN,NaN,NaN,NaN,NaN,2.00000,NaN,NaN,NaN,NaN,NaN,NaN,NaN,NaN,2.00000
7509,"1990-07-23T19:53:39",NaN,NaN,NaN,NaN,NaN,NaN,NaN,NaN,2.00000,NaN,NaN,NaN,NaN,NaN,NaN,NaN,NaN,2.00000
7511,"1990-07-25T14:50:19",NaN,NaN,NaN,NaN,NaN,NaN,NaN,NaN,2.00000,NaN,NaN,NaN,NaN,NaN,NaN,NaN,NaN,2.00000
7512,"1990-07-26T14:33:36",NaN,NaN,NaN,NaN,NaN,NaN,NaN,NaN,2.00000,NaN,NaN,NaN,NaN,NaN,NaN,NaN,NaN,2.00000
7513,"1990-07-27T14:01:53",NaN,NaN,NaN,NaN,NaN,NaN,NaN,NaN,2.00000,NaN,NaN,NaN,NaN,NaN,NaN,NaN,NaN,2.00000
7514,"1990-07-28T14:36:31",NaN,NaN,NaN,NaN,NaN,NaN,NaN,NaN,2.00000,NaN,NaN,NaN,NaN,NaN,NaN,NaN,NaN,2.00000
7515,"1990-07-29T14:37:17",NaN,NaN,NaN,NaN,NaN,NaN,NaN,NaN,2.00000,NaN,NaN,NaN,NaN,NaN,NaN,NaN,NaN,2.00000
7516,"1990-07-30T14:32:37",NaN,NaN,NaN,NaN,NaN,NaN,NaN,NaN,2.00000,NaN,NaN,NaN,NaN,NaN,NaN,NaN,NaN,2.00000
7517,"1990-07-31T16:30:46",NaN,NaN,NaN,NaN,NaN,NaN,NaN,NaN,2.00000,NaN,NaN,NaN,NaN,NaN,NaN,NaN,NaN,2.00000
7519,"1990-08-02T15:17:59",NaN,NaN,NaN,NaN,NaN,NaN,NaN,NaN,2.00000,NaN,NaN,NaN,NaN,NaN,NaN,NaN,NaN,2.00000
7520,"1990-08-03T14:23:24",NaN,NaN,NaN,NaN,NaN,NaN,NaN,NaN,2.00000,NaN,NaN,NaN,NaN,NaN,NaN,NaN,NaN,2.00000
7521,"1990-08-04T14:54:10",NaN,NaN,NaN,NaN,NaN,NaN,NaN,NaN,2.00000,NaN,NaN,NaN,NaN,NaN,NaN,NaN,NaN,2.00000
7522,"1990-08-05T15:47:16",NaN,NaN,NaN,NaN,NaN,NaN,NaN,NaN,2.00000,NaN,NaN,NaN,NaN,NaN,NaN,NaN,NaN,2.00000
7523,"1990-08-06T14:39:13",NaN,NaN,NaN,NaN,NaN,NaN,NaN,NaN,2.00000,NaN,NaN,NaN,NaN,NaN,NaN,NaN,NaN,2.00000
7525,"1990-08-08T16:04:02",NaN,NaN,NaN,NaN,NaN,NaN,NaN,NaN,2.00000,NaN,NaN,NaN,NaN,NaN,NaN,NaN,NaN,2.00000
7526,"1990-08-09T15:09:42",NaN,NaN,NaN,NaN,NaN,NaN,NaN,NaN,2.00000,NaN,NaN,NaN,NaN,NaN,NaN,NaN,NaN,2.00000
7527,"1990-08-10T13:56:36",NaN,NaN,NaN,NaN,NaN,NaN,NaN,NaN,2.00000,NaN,NaN,NaN,NaN,NaN,NaN,NaN,NaN,2.00000
7528,"1990-08-11T15:07:11",NaN,NaN,NaN,NaN,NaN,NaN,NaN,NaN,2.00000,NaN,NaN,NaN,NaN,NaN,NaN,NaN,NaN,2.00000
7533,"1990-08-16T14:18:13",NaN,NaN,NaN,NaN,NaN,NaN,NaN,NaN,2.00000,NaN,NaN,NaN,NaN,NaN,NaN,NaN,NaN,2.00000
7534,"1990-08-17T13:51:41",NaN,NaN,NaN,NaN,NaN,NaN,NaN,NaN,2.00000,NaN,NaN,NaN,NaN,NaN,NaN,NaN,NaN,2.00000
7535,"1990-08-18T14:00:35",NaN,NaN,NaN,NaN,NaN,NaN,NaN,NaN,2.00000,NaN,NaN,NaN,NaN,NaN,NaN,NaN,NaN,2.00000
7536,"1990-08-19T14:35:55",NaN,NaN,NaN,NaN,NaN,NaN,NaN,NaN,2.00000,NaN,NaN,NaN,NaN,NaN,NaN,NaN,NaN,2.00000
7537,"1990-08-20T16:11:31",NaN,NaN,NaN,NaN,NaN,NaN,NaN,NaN,2.00000,NaN,NaN,NaN,NaN,NaN,NaN,NaN,NaN,2.00000
7538,"1990-08-21T15:31:19",NaN,NaN,NaN,NaN,NaN,NaN,NaN,NaN,2.00000,NaN,NaN,NaN,NaN,NaN,NaN,NaN,NaN,2.00000
7539,"1990-08-22T14:36:43",NaN,NaN,NaN,NaN,NaN,NaN,NaN,NaN,2.00000,NaN,NaN,NaN,NaN,NaN,NaN,NaN,NaN,2.00000
7540,"1990-08-23T15:07:30",NaN,NaN,NaN,NaN,NaN,NaN,NaN,NaN,2.00000,NaN,NaN,NaN,NaN,NaN,NaN,NaN,NaN,2.00000
7541,"1990-08-24T14:42:32",NaN,NaN,NaN,NaN,NaN,NaN,NaN,NaN,2.00000,NaN,NaN,NaN,NaN,NaN,NaN,NaN,NaN,2.00000
7542,"1990-08-25T14:22:13",NaN,NaN,NaN,NaN,NaN,NaN,NaN,NaN,2.00000,NaN,NaN,NaN,NaN,NaN,NaN,NaN,NaN,2.00000
7543,"1990-08-26T16:18:02",NaN,NaN,NaN,NaN,NaN,NaN,NaN,NaN,2.00000,NaN,NaN,NaN,NaN,NaN,NaN,NaN,NaN,2.00000
7545,"1990-08-28T15:58:33",NaN,NaN,NaN,NaN,NaN,NaN,NaN,NaN,2.00000,NaN,NaN,NaN,NaN,NaN,NaN,NaN,NaN,2.00000
7546,"1990-08-29T15:54:23",NaN,NaN,NaN,NaN,NaN,NaN,NaN,NaN,2.00000,NaN,NaN,NaN,NaN,NaN,NaN,NaN,NaN,2.00000
7547,"1990-08-30T14:11:38",NaN,NaN,NaN,NaN,NaN,NaN,NaN,NaN,2.00000,NaN,NaN,NaN,NaN,NaN,NaN,NaN,NaN,2.00000
7548,"1990-08-31T17:58:06",NaN,NaN,NaN,NaN,NaN,NaN,NaN,NaN,2.00000,NaN,NaN,NaN,NaN,NaN,NaN,NaN,NaN,2.00000
7550,"1990-09-02T14:44:59",NaN,NaN,NaN,NaN,NaN,NaN,NaN,NaN,2.00000,NaN,NaN,NaN,NaN,NaN,NaN,NaN,NaN,2.00000
7552,"1990-09-04T16:30:05",NaN,NaN,NaN,NaN,NaN,NaN,NaN,NaN,2.00000,NaN,NaN,NaN,NaN,NaN,NaN,NaN,NaN,2.00000
7554,"1990-09-06T15:32:12",NaN,NaN,NaN,NaN,NaN,NaN,NaN,NaN,2.00000,NaN,NaN,NaN,NaN,NaN,NaN,NaN,NaN,2.00000
7555,"1990-09-07T14:02:54",NaN,NaN,NaN,NaN,NaN,NaN,NaN,NaN,2.00000,NaN,NaN,NaN,NaN,NaN,NaN,NaN,NaN,2.00000
7556,"1990-09-08T14:19:37",NaN,NaN,NaN,NaN,NaN,NaN,NaN,NaN,2.00000,NaN,NaN,NaN,NaN,NaN,NaN,NaN,NaN,2.00000
7557,"1990-09-09T14:25:32",NaN,NaN,NaN,NaN,NaN,NaN,NaN,NaN,2.00000,NaN,NaN,NaN,NaN,NaN,NaN,NaN,NaN,2.00000
7558,"1990-09-10T14:25:58",NaN,NaN,NaN,NaN,NaN,NaN,NaN,NaN,2.00000,NaN,NaN,NaN,NaN,NaN,NaN,NaN,NaN,2.00000
7559,"1990-09-11T15:45:40",NaN,NaN,NaN,NaN,NaN,NaN,NaN,NaN,2.00000,NaN,NaN,NaN,NaN,NaN,NaN,NaN,NaN,2.00000
7560,"1990-09-12T15:57:24",NaN,NaN,NaN,NaN,NaN,NaN,NaN,NaN,2.00000,NaN,NaN,NaN,NaN,NaN,NaN,NaN,NaN,2.00000
7561,"1990-09-13T14:26:14",NaN,NaN,NaN,NaN,NaN,NaN,NaN,NaN,2.00000,NaN,NaN,NaN,NaN,NaN,NaN,NaN,NaN,2.00000
7562,"1990-09-14T14:08:18",NaN,NaN,NaN,NaN,NaN,NaN,NaN,NaN,2.00000,NaN,NaN,NaN,NaN,NaN,NaN,NaN,NaN,2.00000
7563,"1990-09-15T18:01:30",NaN,NaN,NaN,NaN,NaN,NaN,NaN,NaN,2.00000,NaN,NaN,NaN,NaN,NaN,NaN,NaN,NaN,2.00000
7564,"1990-09-16T15:09:38",NaN,NaN,NaN,NaN,NaN,NaN,NaN,NaN,2.00000,NaN,NaN,NaN,NaN,NaN,NaN,NaN,NaN,2.00000
7567,"1990-09-19T18:43:41",NaN,NaN,NaN,NaN,NaN,NaN,NaN,NaN,2.00000,NaN,NaN,NaN,NaN,NaN,NaN,NaN,NaN,2.00000
7568,"1990-09-20T16:06:35",NaN,NaN,NaN,NaN,NaN,NaN,NaN,NaN,2.00000,NaN,NaN,NaN,NaN,NaN,NaN,NaN,NaN,2.00000
7569,"1990-09-21T17:57:17",NaN,NaN,NaN,NaN,NaN,NaN,NaN,NaN,2.00000,NaN,NaN,NaN,NaN,NaN,NaN,NaN,NaN,2.00000
7571,"1990-09-23T18:18:58",NaN,NaN,NaN,NaN,NaN,NaN,NaN,NaN,2.00000,NaN,NaN,NaN,NaN,NaN,NaN,NaN,NaN,2.00000
7572,"1990-09-24T16:37:55",NaN,NaN,NaN,NaN,NaN,NaN,NaN,NaN,2.00000,NaN,NaN,NaN,NaN,NaN,NaN,NaN,NaN,2.00000
7573,"1990-09-25T17:46:29",NaN,NaN,NaN,NaN,NaN,NaN,NaN,NaN,2.00000,NaN,NaN,NaN,NaN,NaN,NaN,NaN,NaN,2.00000
7574,"1990-09-26T16:10:04",NaN,NaN,NaN,NaN,NaN,NaN,NaN,NaN,2.00000,NaN,NaN,NaN,NaN,NaN,NaN,NaN,NaN,2.00000
7575,"1990-09-27T14:00:18",NaN,NaN,NaN,NaN,NaN,NaN,NaN,NaN,2.00000,NaN,NaN,NaN,NaN,NaN,NaN,NaN,NaN,2.00000
7576,"1990-09-28T15:24:19",NaN,NaN,NaN,NaN,NaN,NaN,NaN,NaN,2.00000,NaN,NaN,NaN,NaN,NaN,NaN,NaN,NaN,2.00000
7581,"1990-10-03T16:05:14",NaN,NaN,NaN,NaN,NaN,NaN,NaN,NaN,2.00000,NaN,NaN,NaN,NaN,NaN,NaN,NaN,NaN,2.00000
7582,"1990-10-04T18:47:07",NaN,NaN,NaN,NaN,NaN,NaN,NaN,NaN,2.00000,NaN,NaN,NaN,NaN,NaN,NaN,NaN,NaN,2.00000
7583,"1990-10-05T14:24:21",NaN,NaN,NaN,NaN,NaN,NaN,NaN,NaN,2.00000,NaN,NaN,NaN,NaN,NaN,NaN,NaN,NaN,2.00000
7584,"1990-10-06T15:15:18",NaN,NaN,NaN,NaN,NaN,NaN,NaN,NaN,2.00000,NaN,NaN,NaN,NaN,NaN,NaN,NaN,NaN,2.00000
7585,"1990-10-07T14:36:21",NaN,NaN,NaN,NaN,NaN,NaN,NaN,NaN,2.00000,NaN,NaN,NaN,NaN,NaN,NaN,NaN,NaN,2.00000
7586,"1990-10-08T17:25:09",NaN,NaN,NaN,NaN,NaN,NaN,NaN,NaN,2.00000,NaN,NaN,NaN,NaN,NaN,NaN,NaN,NaN,2.00000
7587,"1990-10-09T17:46:02",NaN,NaN,NaN,NaN,NaN,NaN,NaN,NaN,2.00000,NaN,NaN,NaN,NaN,NaN,NaN,NaN,NaN,2.00000
7588,"1990-10-10T14:27:51",NaN,NaN,NaN,NaN,NaN,NaN,NaN,NaN,2.00000,NaN,NaN,NaN,NaN,NaN,NaN,NaN,NaN,2.00000
7589,"1990-10-11T14:26:40",NaN,NaN,NaN,NaN,NaN,NaN,NaN,NaN,2.00000,NaN,NaN,NaN,NaN,NaN,NaN,NaN,NaN,2.00000
7590,"1990-10-12T15:07:13",NaN,NaN,NaN,NaN,NaN,NaN,NaN,NaN,2.00000,NaN,NaN,NaN,NaN,NaN,NaN,NaN,NaN,2.00000
7591,"1990-10-13T15:09:42",NaN,NaN,NaN,NaN,NaN,NaN,NaN,NaN,2.00000,NaN,NaN,NaN,NaN,NaN,NaN,NaN,NaN,2.00000
7592,"1990-10-14T14:25:05",NaN,NaN,NaN,NaN,NaN,NaN,NaN,NaN,2.00000,NaN,NaN,NaN,NaN,NaN,NaN,NaN,NaN,2.00000
7593,"1990-10-15T15:51:24",NaN,NaN,NaN,NaN,NaN,NaN,NaN,NaN,2.00000,NaN,NaN,NaN,NaN,NaN,NaN,NaN,NaN,2.00000
7594,"1990-10-16T17:54:36",NaN,NaN,NaN,NaN,NaN,NaN,NaN,NaN,2.00000,NaN,NaN,NaN,NaN,NaN,NaN,NaN,NaN,2.00000
7595,"1990-10-17T14:19:46",NaN,NaN,NaN,NaN,NaN,NaN,NaN,NaN,2.00000,NaN,NaN,NaN,NaN,NaN,NaN,NaN,NaN,2.00000
7596,"1990-10-18T17:38:55",NaN,NaN,NaN,NaN,NaN,NaN,NaN,NaN,2.00000,NaN,NaN,NaN,NaN,NaN,NaN,NaN,NaN,2.00000
7597,"1990-10-19T18:03:46",NaN,NaN,NaN,NaN,NaN,NaN,NaN,NaN,2.00000,NaN,NaN,NaN,NaN,NaN,NaN,NaN,NaN,2.00000
7598,"1990-10-20T18:14:17",NaN,NaN,NaN,NaN,NaN,NaN,NaN,NaN,2.00000,NaN,NaN,NaN,NaN,NaN,NaN,NaN,NaN,2.00000
7599,"1990-10-21T21:25:15",NaN,NaN,NaN,NaN,NaN,NaN,NaN,NaN,2.00000,NaN,NaN,NaN,NaN,NaN,NaN,NaN,NaN,2.00000
7600,"1990-10-22T14:25:22",NaN,NaN,NaN,NaN,NaN,NaN,NaN,NaN,2.00000,NaN,NaN,NaN,NaN,NaN,NaN,NaN,NaN,2.00000
7601,"1990-10-23T14:42:05",NaN,NaN,NaN,NaN,NaN,NaN,NaN,NaN,2.00000,NaN,NaN,NaN,NaN,NaN,NaN,NaN,NaN,2.00000
7602,"1990-10-24T14:28:23",NaN,NaN,NaN,NaN,NaN,NaN,NaN,NaN,2.00000,NaN,NaN,NaN,NaN,NaN,NaN,NaN,NaN,2.00000
7603,"1990-10-25T14:27:01",NaN,NaN,NaN,NaN,NaN,NaN,NaN,NaN,2.00000,NaN,NaN,NaN,NaN,NaN,NaN,NaN,NaN,2.00000
7604,"1990-10-26T14:50:42",NaN,NaN,NaN,NaN,NaN,NaN,NaN,NaN,2.00000,NaN,NaN,NaN,NaN,NaN,NaN,NaN,NaN,2.00000
7605,"1990-10-27T14:53:30",NaN,NaN,NaN,NaN,NaN,NaN,NaN,NaN,2.00000,NaN,NaN,NaN,NaN,NaN,NaN,NaN,NaN,2.00000
7606,"1990-10-28T14:53:09",NaN,NaN,NaN,NaN,NaN,NaN,NaN,NaN,2.00000,NaN,NaN,NaN,NaN,NaN,NaN,NaN,NaN,2.00000
7607,"1990-10-29T17:27:18",NaN,NaN,NaN,NaN,NaN,NaN,NaN,NaN,2.00000,NaN,NaN,NaN,NaN,NaN,NaN,NaN,NaN,2.00000
7608,"1990-10-30T17:19:58",NaN,NaN,NaN,NaN,NaN,NaN,NaN,NaN,2.00000,NaN,NaN,NaN,NaN,NaN,NaN,NaN,NaN,2.00000
7609,"1990-10-31T18:32:49",NaN,NaN,NaN,NaN,NaN,NaN,NaN,NaN,2.00000,NaN,NaN,NaN,NaN,NaN,NaN,NaN,NaN,2.00000
7610,"1990-11-01T17:55:00",NaN,NaN,NaN,NaN,NaN,NaN,NaN,NaN,2.00000,NaN,NaN,NaN,NaN,NaN,NaN,NaN,NaN,2.00000
7611,"1990-11-02T18:53:29",NaN,NaN,NaN,NaN,NaN,NaN,NaN,NaN,2.00000,NaN,NaN,NaN,NaN,NaN,NaN,NaN,NaN,2.00000
7612,"1990-11-03T17:11:54",NaN,NaN,NaN,NaN,NaN,NaN,NaN,NaN,2.00000,NaN,NaN,NaN,NaN,NaN,NaN,NaN,NaN,2.00000
7613,"1990-11-04T17:24:29",NaN,NaN,NaN,NaN,NaN,NaN,NaN,NaN,2.00000,NaN,NaN,NaN,NaN,NaN,NaN,NaN,NaN,2.00000
7617,"1990-11-08T19:39:53",NaN,NaN,NaN,NaN,NaN,NaN,NaN,NaN,2.00000,NaN,NaN,NaN,NaN,NaN,NaN,NaN,NaN,2.00000
7618,"1990-11-09T18:27:17",NaN,NaN,NaN,NaN,NaN,NaN,NaN,NaN,2.00000,NaN,NaN,NaN,NaN,NaN,NaN,NaN,NaN,2.00000
7619,"1990-11-10T16:24:31",NaN,NaN,NaN,NaN,NaN,NaN,NaN,NaN,2.00000,NaN,NaN,NaN,NaN,NaN,NaN,NaN,NaN,2.00000
7620,"1990-11-11T16:18:04",NaN,NaN,NaN,NaN,NaN,NaN,NaN,NaN,2.00000,NaN,NaN,NaN,NaN,NaN,NaN,NaN,NaN,2.00000
7621,"1990-11-12T16:38:47",NaN,NaN,NaN,NaN,NaN,NaN,NaN,NaN,2.00000,NaN,NaN,NaN,NaN,NaN,NaN,NaN,NaN,2.00000
7622,"1990-11-13T16:46:41",NaN,NaN,NaN,NaN,NaN,NaN,NaN,NaN,2.00000,NaN,NaN,NaN,NaN,NaN,NaN,NaN,NaN,2.00000
7623,"1990-11-14T16:32:56",NaN,NaN,NaN,NaN,NaN,NaN,NaN,NaN,2.00000,NaN,NaN,NaN,NaN,NaN,NaN,NaN,NaN,2.00000
7624,"1990-11-15T16:50:52",NaN,NaN,NaN,NaN,NaN,NaN,NaN,NaN,2.00000,NaN,NaN,NaN,NaN,NaN,NaN,NaN,NaN,2.00000
7625,"1990-11-16T16:55:04",NaN,NaN,NaN,NaN,NaN,NaN,NaN,NaN,2.00000,NaN,NaN,NaN,NaN,NaN,NaN,NaN,NaN,2.00000
7626,"1990-11-17T16:20:22",NaN,NaN,NaN,NaN,NaN,NaN,NaN,NaN,2.00000,NaN,NaN,NaN,NaN,NaN,NaN,NaN,NaN,2.00000
7627,"1990-11-18T16:12:39",NaN,NaN,NaN,NaN,NaN,NaN,NaN,NaN,2.00000,NaN,NaN,NaN,NaN,NaN,NaN,NaN,NaN,2.00000
7628,"1990-11-19T16:30:44",NaN,NaN,NaN,NaN,NaN,NaN,NaN,NaN,2.00000,NaN,NaN,NaN,NaN,NaN,NaN,NaN,NaN,2.00000
7630,"1990-11-21T17:56:46",NaN,NaN,NaN,NaN,NaN,NaN,NaN,NaN,2.00000,NaN,NaN,NaN,NaN,NaN,NaN,NaN,NaN,2.00000
7631,"1990-11-22T16:06:06",NaN,NaN,NaN,NaN,NaN,NaN,NaN,NaN,2.00000,NaN,NaN,NaN,NaN,NaN,NaN,NaN,NaN,2.00000
7632,"1990-11-23T16:34:20",NaN,NaN,NaN,NaN,NaN,NaN,NaN,NaN,2.00000,NaN,NaN,NaN,NaN,NaN,NaN,NaN,NaN,2.00000
7633,"1990-11-24T17:18:01",NaN,NaN,NaN,NaN,NaN,NaN,NaN,NaN,2.00000,NaN,NaN,NaN,NaN,NaN,NaN,NaN,NaN,2.00000
7634,"1990-11-25T16:44:35",NaN,NaN,NaN,NaN,NaN,NaN,NaN,NaN,2.00000,NaN,NaN,NaN,NaN,NaN,NaN,NaN,NaN,2.00000
7636,"1990-11-27T17:08:06",NaN,NaN,NaN,NaN,NaN,NaN,NaN,NaN,2.00000,NaN,NaN,NaN,NaN,NaN,NaN,NaN,NaN,2.00000
7637,"1990-11-28T16:26:15",NaN,NaN,NaN,NaN,NaN,NaN,NaN,NaN,2.00000,NaN,NaN,NaN,NaN,NaN,NaN,NaN,NaN,2.00000
7638,"1990-11-29T16:12:02",NaN,NaN,NaN,NaN,NaN,NaN,NaN,NaN,2.00000,NaN,NaN,NaN,NaN,NaN,NaN,NaN,NaN,2.00000
7639,"1990-11-30T16:33:00",NaN,NaN,NaN,NaN,NaN,NaN,NaN,NaN,2.00000,NaN,NaN,NaN,NaN,NaN,NaN,NaN,NaN,2.00000
7640,"1990-12-01T18:29:42",NaN,NaN,NaN,NaN,NaN,NaN,NaN,NaN,2.00000,NaN,NaN,NaN,NaN,NaN,NaN,NaN,NaN,2.00000
7641,"1990-12-02T15:42:58",NaN,NaN,NaN,NaN,NaN,NaN,NaN,NaN,2.00000,NaN,NaN,NaN,NaN,NaN,NaN,NaN,NaN,2.00000
7642,"1990-12-03T17:43:33",NaN,NaN,NaN,NaN,NaN,NaN,NaN,NaN,2.00000,NaN,NaN,NaN,NaN,NaN,NaN,NaN,NaN,2.00000
7643,"1990-12-04T16:22:46",NaN,NaN,NaN,NaN,NaN,NaN,NaN,NaN,2.00000,NaN,NaN,NaN,NaN,NaN,NaN,NaN,NaN,2.00000
7644,"1990-12-05T16:11:02",NaN,NaN,NaN,NaN,NaN,NaN,NaN,NaN,2.00000,NaN,NaN,NaN,NaN,NaN,NaN,NaN,NaN,2.00000
7645,"1990-12-06T15:50:34",NaN,NaN,NaN,NaN,NaN,NaN,NaN,NaN,2.00000,NaN,NaN,NaN,NaN,NaN,NaN,NaN,NaN,2.00000
7646,"1990-12-07T15:44:57",NaN,NaN,NaN,NaN,NaN,NaN,NaN,NaN,2.00000,NaN,NaN,NaN,NaN,NaN,NaN,NaN,NaN,2.00000
7647,"1990-12-08T16:02:34",NaN,NaN,NaN,NaN,NaN,NaN,NaN,NaN,2.00000,NaN,NaN,NaN,NaN,NaN,NaN,NaN,NaN,2.00000
7648,"1990-12-09T15:47:20",NaN,NaN,NaN,NaN,NaN,NaN,NaN,NaN,2.00000,NaN,NaN,NaN,NaN,NaN,NaN,NaN,NaN,2.00000
7649,"1990-12-10T16:29:51",NaN,NaN,NaN,NaN,NaN,NaN,NaN,NaN,2.00000,NaN,NaN,NaN,NaN,NaN,NaN,NaN,NaN,2.00000
7656,"1990-12-17T19:36:23",NaN,NaN,NaN,NaN,NaN,NaN,NaN,NaN,2.00000,NaN,NaN,NaN,NaN,NaN,NaN,NaN,NaN,2.00000
7657,"1990-12-18T16:31:59",NaN,NaN,NaN,NaN,NaN,NaN,NaN,NaN,2.00000,NaN,NaN,NaN,NaN,NaN,NaN,NaN,NaN,2.00000
7658,"1990-12-19T16:11:43",NaN,NaN,NaN,NaN,NaN,NaN,NaN,NaN,2.00000,NaN,NaN,NaN,NaN,NaN,NaN,NaN,NaN,2.00000
7662,"1990-12-23T16:26:46",NaN,NaN,NaN,NaN,NaN,NaN,NaN,NaN,2.00000,NaN,NaN,NaN,NaN,NaN,NaN,NaN,NaN,2.00000
7665,"1990-12-26T16:04:12",NaN,NaN,NaN,NaN,NaN,NaN,NaN,NaN,2.00000,NaN,NaN,NaN,NaN,NaN,NaN,NaN,NaN,2.00000
7677,"1991-01-07T18:52:39",NaN,NaN,NaN,NaN,NaN,NaN,NaN,NaN,2.00000,NaN,NaN,NaN,NaN,NaN,NaN,NaN,NaN,2.00000
7679,"1991-01-09T16:09:37",NaN,NaN,NaN,NaN,NaN,NaN,NaN,NaN,2.00000,NaN,NaN,NaN,NaN,NaN,NaN,NaN,NaN,2.00000
7681,"1991-01-11T15:58:04",NaN,NaN,NaN,NaN,NaN,NaN,NaN,NaN,2.00000,NaN,NaN,NaN,NaN,NaN,NaN,NaN,NaN,2.00000
7682,"1991-01-12T16:16:19",NaN,NaN,NaN,NaN,NaN,NaN,NaN,NaN,2.00000,NaN,NaN,NaN,NaN,NaN,NaN,NaN,NaN,2.00000
7683,"1991-01-13T16:15:20",NaN,NaN,NaN,NaN,NaN,NaN,NaN,NaN,2.00000,NaN,NaN,NaN,NaN,NaN,NaN,NaN,NaN,2.00000
7684,"1991-01-14T16:15:29",NaN,NaN,NaN,NaN,NaN,NaN,NaN,NaN,2.00000,NaN,NaN,NaN,NaN,NaN,NaN,NaN,NaN,2.00000
7685,"1991-01-15T16:43:59",NaN,NaN,NaN,NaN,NaN,NaN,NaN,NaN,2.00000,NaN,NaN,NaN,NaN,NaN,NaN,NaN,NaN,2.00000
7687,"1991-01-17T20:56:01",NaN,NaN,NaN,NaN,NaN,NaN,NaN,NaN,2.00000,NaN,NaN,NaN,NaN,NaN,NaN,NaN,NaN,2.00000
7688,"1991-01-18T16:17:11",NaN,NaN,NaN,NaN,NaN,NaN,NaN,NaN,2.00000,NaN,NaN,NaN,NaN,NaN,NaN,NaN,NaN,2.00000
7689,"1991-01-19T16:59:01",NaN,NaN,NaN,NaN,NaN,NaN,NaN,NaN,2.00000,NaN,NaN,NaN,NaN,NaN,NaN,NaN,NaN,2.00000
7691,"1991-01-21T16:38:56",NaN,NaN,NaN,NaN,NaN,NaN,NaN,NaN,2.00000,NaN,NaN,NaN,NaN,NaN,NaN,NaN,NaN,2.00000
7693,"1991-01-23T16:44:23",NaN,NaN,NaN,NaN,NaN,NaN,NaN,NaN,2.00000,NaN,NaN,NaN,NaN,NaN,NaN,NaN,NaN,2.00000
7694,"1991-01-24T16:13:11",NaN,NaN,NaN,NaN,NaN,NaN,NaN,NaN,2.00000,NaN,NaN,NaN,NaN,NaN,NaN,NaN,NaN,2.00000
7695,"1991-01-25T16:28:25",NaN,NaN,NaN,NaN,NaN,NaN,NaN,NaN,2.00000,NaN,NaN,NaN,NaN,NaN,NaN,NaN,NaN,2.00000
7696,"1991-01-26T16:58:56",NaN,NaN,NaN,NaN,NaN,NaN,NaN,NaN,2.00000,NaN,NaN,NaN,NaN,NaN,NaN,NaN,NaN,2.00000
7697,"1991-01-27T17:41:31",NaN,NaN,NaN,NaN,NaN,NaN,NaN,NaN,2.00000,NaN,NaN,NaN,NaN,NaN,NaN,NaN,NaN,2.00000
7698,"1991-01-28T16:44:50",NaN,NaN,NaN,NaN,NaN,NaN,NaN,NaN,2.00000,NaN,NaN,NaN,NaN,NaN,NaN,NaN,NaN,2.00000
7700,"1991-01-30T17:40:12",NaN,NaN,NaN,NaN,NaN,NaN,NaN,NaN,2.00000,NaN,NaN,NaN,NaN,NaN,NaN,NaN,NaN,2.00000
7701,"1991-01-31T17:12:52",NaN,NaN,NaN,NaN,NaN,NaN,NaN,NaN,2.00000,NaN,NaN,NaN,NaN,NaN,NaN,NaN,NaN,2.00000
7702,"1991-02-01T16:40:08",NaN,NaN,NaN,NaN,NaN,NaN,NaN,NaN,2.00000,NaN,NaN,NaN,NaN,NaN,NaN,NaN,NaN,2.00000
7703,"1991-02-02T16:39:53",NaN,NaN,NaN,NaN,NaN,NaN,NaN,NaN,2.00000,NaN,NaN,NaN,NaN,NaN,NaN,NaN,NaN,2.00000
7705,"1991-02-04T17:08:26",NaN,NaN,NaN,NaN,NaN,NaN,NaN,NaN,2.00000,NaN,NaN,NaN,NaN,NaN,NaN,NaN,NaN,2.00000
7707,"1991-02-06T15:02:08",NaN,NaN,NaN,NaN,NaN,NaN,NaN,NaN,2.00000,NaN,NaN,NaN,NaN,NaN,NaN,NaN,NaN,2.00000
7708,"1991-02-07T15:03:28",NaN,NaN,NaN,NaN,NaN,NaN,NaN,NaN,2.00000,NaN,NaN,NaN,NaN,NaN,NaN,NaN,NaN,2.00000
7709,"1991-02-08T15:04:33",NaN,NaN,NaN,NaN,NaN,NaN,NaN,NaN,2.00000,NaN,NaN,NaN,NaN,NaN,NaN,NaN,NaN,2.00000
7714,"1991-02-13T19:43:07",NaN,NaN,NaN,NaN,NaN,NaN,NaN,NaN,2.00000,NaN,NaN,NaN,NaN,NaN,NaN,NaN,NaN,2.00000
7715,"1991-02-14T18:04:48",NaN,NaN,NaN,NaN,NaN,NaN,NaN,NaN,2.00000,NaN,NaN,NaN,NaN,NaN,NaN,NaN,NaN,2.00000
7720,"1991-02-19T17:43:53",NaN,NaN,NaN,NaN,NaN,NaN,NaN,NaN,2.00000,NaN,NaN,NaN,NaN,NaN,NaN,NaN,NaN,2.00000
7721,"1991-02-20T15:53:41",NaN,NaN,NaN,NaN,NaN,NaN,NaN,NaN,2.00000,NaN,NaN,NaN,NaN,NaN,NaN,NaN,NaN,2.00000
7722,"1991-02-21T14:50:13",NaN,NaN,NaN,NaN,NaN,NaN,NaN,NaN,2.00000,NaN,NaN,NaN,NaN,NaN,NaN,NaN,NaN,2.00000
7725,"1991-02-24T15:13:29",NaN,NaN,NaN,NaN,NaN,NaN,NaN,NaN,2.00000,NaN,NaN,NaN,NaN,NaN,NaN,NaN,NaN,2.00000
7731,"1991-03-02T20:39:02",NaN,NaN,NaN,NaN,NaN,NaN,NaN,NaN,2.00000,NaN,NaN,NaN,NaN,NaN,NaN,NaN,NaN,2.00000
7732,"1991-03-03T17:15:18",NaN,NaN,NaN,NaN,NaN,NaN,NaN,NaN,2.00000,NaN,NaN,NaN,NaN,NaN,NaN,NaN,NaN,2.00000
7733,"1991-03-04T15:48:07",NaN,NaN,NaN,NaN,NaN,NaN,NaN,NaN,2.00000,NaN,NaN,NaN,NaN,NaN,NaN,NaN,NaN,2.00000
7734,"1991-03-05T14:31:11",NaN,NaN,NaN,NaN,NaN,NaN,NaN,NaN,2.00000,NaN,NaN,NaN,NaN,NaN,NaN,NaN,NaN,2.00000
7736,"1991-03-07T14:51:12",NaN,NaN,NaN,NaN,NaN,NaN,NaN,NaN,2.00000,NaN,NaN,NaN,NaN,NaN,NaN,NaN,NaN,2.00000
7737,"1991-03-08T14:35:28",NaN,NaN,NaN,NaN,NaN,NaN,NaN,NaN,2.00000,NaN,NaN,NaN,NaN,NaN,NaN,NaN,NaN,2.00000
7738,"1991-03-09T15:12:28",NaN,NaN,NaN,NaN,NaN,NaN,NaN,NaN,2.00000,NaN,NaN,NaN,NaN,NaN,NaN,NaN,NaN,2.00000
7741,"1991-03-12T15:52:23",NaN,NaN,NaN,NaN,NaN,NaN,NaN,NaN,2.00000,NaN,NaN,NaN,NaN,NaN,NaN,NaN,NaN,2.00000
7743,"1991-03-14T19:27:06",NaN,NaN,NaN,NaN,NaN,NaN,NaN,NaN,2.00000,NaN,NaN,NaN,NaN,NaN,NaN,NaN,NaN,2.00000
7746,"1991-03-17T15:20:15",NaN,NaN,NaN,NaN,NaN,NaN,NaN,NaN,2.00000,NaN,NaN,NaN,NaN,NaN,NaN,NaN,NaN,2.00000
7747,"1991-03-18T16:06:47",NaN,NaN,NaN,NaN,NaN,NaN,NaN,NaN,2.00000,NaN,NaN,NaN,NaN,NaN,NaN,NaN,NaN,2.00000
7749,"1991-03-20T17:13:57",NaN,NaN,NaN,NaN,NaN,NaN,NaN,NaN,2.00000,NaN,NaN,NaN,NaN,NaN,NaN,NaN,NaN,2.00000
7756,"1991-03-27T16:17:29",NaN,NaN,NaN,NaN,NaN,NaN,NaN,NaN,2.00000,NaN,NaN,NaN,NaN,NaN,NaN,NaN,NaN,2.00000
7758,"1991-03-29T21:00:01",NaN,NaN,NaN,NaN,NaN,NaN,NaN,NaN,2.00000,NaN,NaN,NaN,NaN,NaN,NaN,NaN,NaN,2.00000
7759,"1991-03-30T15:35:06",NaN,NaN,NaN,NaN,NaN,NaN,NaN,NaN,2.00000,NaN,NaN,NaN,NaN,NaN,NaN,NaN,NaN,2.00000
7760,"1991-03-31T14:23:24",NaN,NaN,NaN,NaN,NaN,NaN,NaN,NaN,2.00000,NaN,NaN,NaN,NaN,NaN,NaN,NaN,NaN,2.00000
7762,"1991-04-02T14:21:22",NaN,NaN,NaN,NaN,NaN,NaN,NaN,NaN,2.00000,NaN,NaN,NaN,NaN,NaN,NaN,NaN,NaN,2.00000
7763,"1991-04-03T15:13:25",NaN,NaN,NaN,NaN,NaN,NaN,NaN,NaN,2.00000,NaN,NaN,NaN,NaN,NaN,NaN,NaN,NaN,2.00000
7764,"1991-04-04T15:00:33",NaN,NaN,NaN,NaN,NaN,NaN,NaN,NaN,2.00000,NaN,NaN,NaN,NaN,NaN,NaN,NaN,NaN,2.00000
7765,"1991-04-05T14:32:46",NaN,NaN,NaN,NaN,NaN,NaN,NaN,NaN,2.00000,NaN,NaN,NaN,NaN,NaN,NaN,NaN,NaN,2.00000
7766,"1991-04-06T14:49:12",NaN,NaN,NaN,NaN,NaN,NaN,NaN,NaN,2.00000,NaN,NaN,NaN,NaN,NaN,NaN,NaN,NaN,2.00000
7767,"1991-04-07T14:51:47",NaN,NaN,NaN,NaN,NaN,NaN,NaN,NaN,2.00000,NaN,NaN,NaN,NaN,NaN,NaN,NaN,NaN,2.00000
7768,"1991-04-08T15:52:17",NaN,NaN,NaN,NaN,NaN,NaN,NaN,NaN,2.00000,NaN,NaN,NaN,NaN,NaN,NaN,NaN,NaN,2.00000
7769,"1991-04-09T16:03:39",NaN,NaN,NaN,NaN,NaN,NaN,NaN,NaN,2.00000,NaN,NaN,NaN,NaN,NaN,NaN,NaN,NaN,2.00000
7770,"1991-04-10T16:15:28",NaN,NaN,NaN,NaN,NaN,NaN,NaN,NaN,2.00000,NaN,NaN,NaN,NaN,NaN,NaN,NaN,NaN,2.00000
7771,"1991-04-11T16:23:39",NaN,NaN,NaN,NaN,NaN,NaN,NaN,NaN,2.00000,NaN,NaN,NaN,NaN,NaN,NaN,NaN,NaN,2.00000
7772,"1991-04-12T14:59:07",NaN,NaN,NaN,NaN,NaN,NaN,NaN,NaN,2.00000,NaN,NaN,NaN,NaN,NaN,NaN,NaN,NaN,2.00000
7773,"1991-04-13T15:00:50",NaN,NaN,NaN,NaN,NaN,NaN,NaN,NaN,2.00000,NaN,NaN,NaN,NaN,NaN,NaN,NaN,NaN,2.00000
7774,"1991-04-14T14:40:18",NaN,NaN,NaN,NaN,NaN,NaN,NaN,NaN,2.00000,NaN,NaN,NaN,NaN,NaN,NaN,NaN,NaN,2.00000
7775,"1991-04-15T15:50:32",NaN,NaN,NaN,NaN,NaN,NaN,NaN,NaN,2.00000,NaN,NaN,NaN,NaN,NaN,NaN,NaN,NaN,2.00000
7777,"1991-04-17T16:12:26",NaN,NaN,NaN,NaN,NaN,NaN,NaN,NaN,2.00000,NaN,NaN,NaN,NaN,NaN,NaN,NaN,NaN,2.00000
7779,"1991-04-19T14:06:28",NaN,NaN,NaN,NaN,NaN,NaN,NaN,NaN,2.00000,NaN,NaN,NaN,NaN,NaN,NaN,NaN,NaN,2.00000
7780,"1991-04-20T14:07:02",NaN,NaN,NaN,NaN,NaN,NaN,NaN,NaN,2.00000,NaN,NaN,NaN,NaN,NaN,NaN,NaN,NaN,2.00000
7781,"1991-04-21T15:13:10",NaN,NaN,NaN,NaN,NaN,NaN,NaN,NaN,2.00000,NaN,NaN,NaN,NaN,NaN,NaN,NaN,NaN,2.00000
7782,"1991-04-22T16:29:35",NaN,NaN,NaN,NaN,NaN,NaN,NaN,NaN,2.00000,NaN,NaN,NaN,NaN,NaN,NaN,NaN,NaN,2.00000
7783,"1991-04-23T21:14:42",NaN,NaN,NaN,NaN,NaN,NaN,NaN,NaN,2.00000,NaN,NaN,NaN,NaN,NaN,NaN,NaN,NaN,2.00000
7784,"1991-04-24T16:03:49",NaN,NaN,NaN,NaN,NaN,NaN,NaN,NaN,2.00000,NaN,NaN,NaN,NaN,NaN,NaN,NaN,NaN,2.00000
7785,"1991-04-25T15:38:24",NaN,NaN,NaN,NaN,NaN,NaN,NaN,NaN,2.00000,NaN,NaN,NaN,NaN,NaN,NaN,NaN,NaN,2.00000
7786,"1991-04-26T13:55:20",NaN,NaN,NaN,NaN,NaN,NaN,NaN,NaN,2.00000,NaN,NaN,NaN,NaN,NaN,NaN,NaN,NaN,2.00000
7787,"1991-04-27T13:45:23",NaN,NaN,NaN,NaN,NaN,NaN,NaN,NaN,2.00000,NaN,NaN,NaN,NaN,NaN,NaN,NaN,NaN,2.00000
7788,"1991-04-28T13:42:41",NaN,NaN,NaN,NaN,NaN,NaN,NaN,NaN,2.00000,NaN,NaN,NaN,NaN,NaN,NaN,NaN,NaN,2.00000
7789,"1991-04-29T13:45:27",NaN,NaN,NaN,NaN,NaN,NaN,NaN,NaN,2.00000,NaN,NaN,NaN,NaN,NaN,NaN,NaN,NaN,2.00000
7790,"1991-04-30T13:56:25",NaN,NaN,NaN,NaN,NaN,NaN,NaN,NaN,2.00000,NaN,NaN,NaN,NaN,NaN,NaN,NaN,NaN,2.00000
7791,"1991-05-01T13:39:59",NaN,NaN,NaN,NaN,NaN,NaN,NaN,NaN,2.00000,NaN,NaN,NaN,NaN,NaN,NaN,NaN,NaN,2.00000
7792,"1991-05-02T15:04:03",NaN,NaN,NaN,NaN,NaN,NaN,NaN,NaN,2.00000,NaN,NaN,NaN,NaN,NaN,NaN,NaN,NaN,2.00000
7793,"1991-05-03T13:47:18",NaN,NaN,NaN,NaN,NaN,NaN,NaN,NaN,2.00000,NaN,NaN,NaN,NaN,NaN,NaN,NaN,NaN,2.00000
7794,"1991-05-04T14:44:41",NaN,NaN,NaN,NaN,NaN,NaN,NaN,NaN,2.00000,NaN,NaN,NaN,NaN,NaN,NaN,NaN,NaN,2.00000
7795,"1991-05-05T14:36:54",NaN,NaN,NaN,NaN,NaN,NaN,NaN,NaN,2.00000,NaN,NaN,NaN,NaN,NaN,NaN,NaN,NaN,2.00000
7797,"1991-05-07T13:34:06",NaN,NaN,NaN,NaN,NaN,NaN,NaN,NaN,2.00000,NaN,NaN,NaN,NaN,NaN,NaN,NaN,NaN,2.00000
7798,"1991-05-08T16:09:45",NaN,NaN,NaN,NaN,NaN,NaN,NaN,NaN,2.00000,NaN,NaN,NaN,NaN,NaN,NaN,NaN,NaN,2.00000
7801,"1991-05-11T14:33:32",NaN,NaN,NaN,NaN,NaN,NaN,NaN,NaN,2.00000,NaN,NaN,NaN,NaN,NaN,NaN,NaN,NaN,2.00000
7803,"1991-05-13T14:38:01",NaN,NaN,NaN,NaN,NaN,NaN,NaN,NaN,2.00000,NaN,NaN,NaN,NaN,NaN,NaN,NaN,NaN,2.00000
7804,"1991-05-14T15:54:50",NaN,NaN,NaN,NaN,NaN,NaN,NaN,NaN,2.00000,NaN,NaN,NaN,NaN,NaN,NaN,NaN,NaN,2.00000
7805,"1991-05-15T15:51:12",NaN,NaN,NaN,NaN,NaN,NaN,NaN,NaN,2.00000,NaN,NaN,NaN,NaN,NaN,NaN,NaN,NaN,2.00000
7806,"1991-05-16T13:53:58",NaN,NaN,NaN,NaN,NaN,NaN,NaN,NaN,2.00000,NaN,NaN,NaN,NaN,NaN,NaN,NaN,NaN,2.00000
7807,"1991-05-17T13:56:54",NaN,NaN,NaN,NaN,NaN,NaN,NaN,NaN,2.00000,NaN,NaN,NaN,NaN,NaN,NaN,NaN,NaN,2.00000
7808,"1991-05-18T13:52:32",NaN,NaN,NaN,NaN,NaN,NaN,NaN,NaN,2.00000,NaN,NaN,NaN,NaN,NaN,NaN,NaN,NaN,2.00000
7809,"1991-05-19T14:39:04",NaN,NaN,NaN,NaN,NaN,NaN,NaN,NaN,2.00000,NaN,NaN,NaN,NaN,NaN,NaN,NaN,NaN,2.00000
7811,"1991-05-21T15:50:23",NaN,NaN,NaN,NaN,NaN,NaN,NaN,NaN,2.00000,NaN,NaN,NaN,NaN,NaN,NaN,NaN,NaN,2.00000
7812,"1991-05-22T15:31:19",NaN,NaN,NaN,NaN,NaN,NaN,NaN,NaN,2.00000,NaN,NaN,NaN,NaN,NaN,NaN,NaN,NaN,2.00000
7813,"1991-05-23T15:50:20",NaN,NaN,NaN,NaN,NaN,NaN,NaN,NaN,2.00000,NaN,NaN,NaN,NaN,NaN,NaN,NaN,NaN,2.00000
7814,"1991-05-24T13:16:00",NaN,NaN,NaN,NaN,NaN,NaN,NaN,NaN,2.00000,NaN,NaN,NaN,NaN,NaN,NaN,NaN,NaN,2.00000
7815,"1991-05-25T13:20:00",NaN,NaN,NaN,NaN,NaN,NaN,NaN,NaN,2.00000,NaN,NaN,NaN,NaN,NaN,NaN,NaN,NaN,2.00000
7816,"1991-05-26T13:12:05",NaN,NaN,NaN,NaN,NaN,NaN,NaN,NaN,2.00000,NaN,NaN,NaN,NaN,NaN,NaN,NaN,NaN,2.00000
7817,"1991-05-27T13:10:14",NaN,NaN,NaN,NaN,NaN,NaN,NaN,NaN,2.00000,NaN,NaN,NaN,NaN,NaN,NaN,NaN,NaN,2.00000
7818,"1991-05-28T13:12:13",NaN,NaN,NaN,NaN,NaN,NaN,NaN,NaN,2.00000,NaN,NaN,NaN,NaN,NaN,NaN,NaN,NaN,2.00000
7819,"1991-05-29T13:15:37",NaN,NaN,NaN,NaN,NaN,NaN,NaN,NaN,2.00000,NaN,NaN,NaN,NaN,NaN,NaN,NaN,NaN,2.00000
7822,"1991-06-01T14:40:24",NaN,NaN,NaN,NaN,NaN,NaN,NaN,NaN,2.00000,NaN,NaN,NaN,NaN,NaN,NaN,NaN,NaN,2.00000
7823,"1991-06-02T18:45:58",NaN,NaN,NaN,NaN,NaN,NaN,NaN,NaN,2.00000,NaN,NaN,NaN,NaN,NaN,NaN,NaN,NaN,2.00000
7824,"1991-06-03T15:53:18",NaN,NaN,NaN,NaN,NaN,NaN,NaN,NaN,2.00000,NaN,NaN,NaN,NaN,NaN,NaN,NaN,NaN,2.00000
7825,"1991-06-04T17:30:01",NaN,NaN,NaN,NaN,NaN,NaN,NaN,NaN,2.00000,NaN,NaN,NaN,NaN,NaN,NaN,NaN,NaN,2.00000
7826,"1991-06-05T20:09:50",NaN,NaN,NaN,NaN,NaN,NaN,NaN,NaN,2.00000,NaN,NaN,NaN,NaN,NaN,NaN,NaN,NaN,2.00000
7827,"1991-06-06T16:06:27",NaN,NaN,NaN,NaN,NaN,NaN,NaN,NaN,2.00000,NaN,NaN,NaN,NaN,NaN,NaN,NaN,NaN,2.00000
7828,"1991-06-07T13:50:44",NaN,NaN,NaN,NaN,NaN,NaN,NaN,NaN,2.00000,NaN,NaN,NaN,NaN,NaN,NaN,NaN,NaN,2.00000
7829,"1991-06-08T14:37:36",NaN,NaN,NaN,NaN,NaN,NaN,NaN,NaN,2.00000,NaN,NaN,NaN,NaN,NaN,NaN,NaN,NaN,2.00000
7830,"1991-06-09T14:54:17",NaN,NaN,NaN,NaN,NaN,NaN,NaN,NaN,2.00000,NaN,NaN,NaN,NaN,NaN,NaN,NaN,NaN,2.00000
7831,"1991-06-10T15:58:08",NaN,NaN,NaN,NaN,NaN,NaN,NaN,NaN,2.00000,NaN,NaN,NaN,NaN,NaN,NaN,NaN,NaN,2.00000
7834,"1991-06-13T14:03:51",NaN,NaN,NaN,NaN,NaN,NaN,NaN,NaN,2.00000,NaN,NaN,NaN,NaN,NaN,NaN,NaN,NaN,2.00000
7835,"1991-06-14T13:35:17",NaN,NaN,NaN,NaN,NaN,NaN,NaN,NaN,2.00000,NaN,NaN,NaN,NaN,NaN,NaN,NaN,NaN,2.00000
7836,"1991-06-15T13:40:09",NaN,NaN,NaN,NaN,NaN,NaN,NaN,NaN,2.00000,NaN,NaN,NaN,NaN,NaN,NaN,NaN,NaN,2.00000
7837,"1991-06-16T14:29:09",NaN,NaN,NaN,NaN,NaN,NaN,NaN,NaN,2.00000,NaN,NaN,NaN,NaN,NaN,NaN,NaN,NaN,2.00000
7838,"1991-06-17T16:52:47",NaN,NaN,NaN,NaN,NaN,NaN,NaN,NaN,2.00000,NaN,NaN,NaN,NaN,NaN,NaN,NaN,NaN,2.00000
7839,"1991-06-18T15:50:44",NaN,NaN,NaN,NaN,NaN,NaN,NaN,NaN,2.00000,NaN,NaN,NaN,NaN,NaN,NaN,NaN,NaN,2.00000
7840,"1991-06-19T13:51:32",NaN,NaN,NaN,NaN,NaN,NaN,NaN,NaN,2.00000,NaN,NaN,NaN,NaN,NaN,NaN,NaN,NaN,2.00000
7841,"1991-06-20T13:18:28",NaN,NaN,NaN,NaN,NaN,NaN,NaN,NaN,2.00000,NaN,NaN,NaN,NaN,NaN,NaN,NaN,NaN,2.00000
7842,"1991-06-21T13:11:48",NaN,NaN,NaN,NaN,NaN,NaN,NaN,NaN,2.00000,NaN,NaN,NaN,NaN,NaN,NaN,NaN,NaN,2.00000
7843,"1991-06-22T13:14:49",NaN,NaN,NaN,NaN,NaN,NaN,NaN,NaN,2.00000,NaN,NaN,NaN,NaN,NaN,NaN,NaN,NaN,2.00000
7844,"1991-06-23T13:09:08",NaN,NaN,NaN,NaN,NaN,NaN,NaN,NaN,2.00000,NaN,NaN,NaN,NaN,NaN,NaN,NaN,NaN,2.00000
7845,"1991-06-24T13:10:11",NaN,NaN,NaN,NaN,NaN,NaN,NaN,NaN,2.00000,NaN,NaN,NaN,NaN,NaN,NaN,NaN,NaN,2.00000
7848,"1991-06-27T16:24:14",NaN,NaN,NaN,NaN,NaN,NaN,NaN,NaN,2.00000,NaN,NaN,NaN,NaN,NaN,NaN,NaN,NaN,2.00000
7849,"1991-06-28T14:17:08",NaN,NaN,NaN,NaN,NaN,NaN,NaN,NaN,2.00000,NaN,NaN,NaN,NaN,NaN,NaN,NaN,NaN,2.00000
7851,"1991-06-30T14:32:44",NaN,NaN,NaN,NaN,NaN,NaN,NaN,NaN,2.00000,NaN,NaN,NaN,NaN,NaN,NaN,NaN,NaN,2.00000
7852,"1991-07-01T15:46:53",NaN,NaN,NaN,NaN,NaN,NaN,NaN,NaN,2.00000,NaN,NaN,NaN,NaN,NaN,NaN,NaN,NaN,2.00000
7853,"1991-07-02T15:57:39",NaN,NaN,NaN,NaN,NaN,NaN,NaN,NaN,2.00000,NaN,NaN,NaN,NaN,NaN,NaN,NaN,NaN,2.00000
7854,"1991-07-03T15:48:34",NaN,NaN,NaN,NaN,NaN,NaN,NaN,NaN,2.00000,NaN,NaN,NaN,NaN,NaN,NaN,NaN,NaN,2.00000
7855,"1991-07-04T16:08:52",NaN,NaN,NaN,NaN,NaN,NaN,NaN,NaN,2.00000,NaN,NaN,NaN,NaN,NaN,NaN,NaN,NaN,2.00000
7856,"1991-07-05T13:25:22",NaN,NaN,NaN,NaN,NaN,NaN,NaN,NaN,2.00000,NaN,NaN,NaN,NaN,NaN,NaN,NaN,NaN,2.00000
7859,"1991-07-08T14:47:20",NaN,NaN,NaN,NaN,NaN,NaN,NaN,NaN,2.00000,NaN,NaN,NaN,NaN,NaN,NaN,NaN,NaN,2.00000
7860,"1991-07-09T16:16:30",NaN,NaN,NaN,NaN,NaN,NaN,NaN,NaN,2.00000,NaN,NaN,NaN,NaN,NaN,NaN,NaN,NaN,2.00000
7861,"1991-07-10T15:51:03",NaN,NaN,NaN,NaN,NaN,NaN,NaN,NaN,2.00000,NaN,NaN,NaN,NaN,NaN,NaN,NaN,NaN,2.00000
7862,"1991-07-11T13:30:25",NaN,NaN,NaN,NaN,NaN,NaN,NaN,NaN,2.00000,NaN,NaN,NaN,NaN,NaN,NaN,NaN,NaN,2.00000
7863,"1991-07-12T13:41:19",NaN,NaN,NaN,NaN,NaN,NaN,NaN,NaN,2.00000,NaN,NaN,NaN,NaN,NaN,NaN,NaN,NaN,2.00000
7869,"1991-07-18T13:56:29",NaN,NaN,NaN,NaN,NaN,NaN,NaN,NaN,2.00000,NaN,NaN,NaN,NaN,NaN,NaN,NaN,NaN,2.00000
7870,"1991-07-19T13:49:08",NaN,NaN,NaN,NaN,NaN,NaN,NaN,NaN,2.00000,NaN,NaN,NaN,NaN,NaN,NaN,NaN,NaN,2.00000
7871,"1991-07-20T20:11:16",NaN,NaN,NaN,NaN,NaN,NaN,NaN,NaN,2.00000,NaN,NaN,NaN,NaN,NaN,NaN,NaN,NaN,2.00000
7872,"1991-07-21T13:49:05",NaN,NaN,NaN,NaN,NaN,NaN,NaN,NaN,2.00000,NaN,NaN,NaN,NaN,NaN,NaN,NaN,NaN,2.00000
7874,"1991-07-23T13:35:19",NaN,NaN,NaN,NaN,NaN,NaN,NaN,NaN,2.00000,NaN,NaN,NaN,NaN,NaN,NaN,NaN,NaN,2.00000
7875,"1991-07-24T13:28:48",NaN,NaN,NaN,NaN,NaN,NaN,NaN,NaN,2.00000,NaN,NaN,NaN,NaN,NaN,NaN,NaN,NaN,2.00000
7876,"1991-07-25T13:31:19",NaN,NaN,NaN,NaN,NaN,NaN,NaN,NaN,2.00000,NaN,NaN,NaN,NaN,NaN,NaN,NaN,NaN,2.00000
7877,"1991-07-26T13:55:45",NaN,NaN,NaN,NaN,NaN,NaN,NaN,NaN,2.00000,NaN,NaN,NaN,NaN,NaN,NaN,NaN,NaN,2.00000
7878,"1991-07-27T15:59:32",NaN,NaN,NaN,NaN,NaN,NaN,NaN,NaN,2.00000,NaN,NaN,NaN,NaN,NaN,NaN,NaN,NaN,2.00000
7879,"1991-07-28T15:44:13",NaN,NaN,NaN,NaN,NaN,NaN,NaN,NaN,2.00000,NaN,NaN,NaN,NaN,NaN,NaN,NaN,NaN,2.00000
7882,"1991-07-31T15:43:37",NaN,NaN,NaN,NaN,NaN,NaN,NaN,NaN,2.00000,NaN,NaN,NaN,NaN,NaN,NaN,NaN,NaN,2.00000
7883,"1991-08-01T14:02:01",NaN,NaN,NaN,NaN,NaN,NaN,NaN,NaN,2.00000,NaN,NaN,NaN,NaN,NaN,NaN,NaN,NaN,2.00000
7884,"1991-08-02T13:59:07",NaN,NaN,NaN,NaN,NaN,NaN,NaN,NaN,2.00000,NaN,NaN,NaN,NaN,NaN,NaN,NaN,NaN,2.00000
7885,"1991-08-03T14:00:54",NaN,NaN,NaN,NaN,NaN,NaN,NaN,NaN,2.00000,NaN,NaN,NaN,NaN,NaN,NaN,NaN,NaN,2.00000
7886,"1991-08-04T14:30:39",NaN,NaN,NaN,NaN,NaN,NaN,NaN,NaN,2.00000,NaN,NaN,NaN,NaN,NaN,NaN,NaN,NaN,2.00000
7887,"1991-08-05T14:25:32",NaN,NaN,NaN,NaN,NaN,NaN,NaN,NaN,2.00000,NaN,NaN,NaN,NaN,NaN,NaN,NaN,NaN,2.00000
7889,"1991-08-07T15:17:48",NaN,NaN,NaN,NaN,NaN,NaN,NaN,NaN,2.00000,NaN,NaN,NaN,NaN,NaN,NaN,NaN,NaN,2.00000
7890,"1991-08-08T14:14:59",NaN,NaN,NaN,NaN,NaN,NaN,NaN,NaN,2.00000,NaN,NaN,NaN,NaN,NaN,NaN,NaN,NaN,2.00000
7893,"1991-08-11T17:35:03",NaN,NaN,NaN,NaN,NaN,NaN,NaN,NaN,2.00000,NaN,NaN,NaN,NaN,NaN,NaN,NaN,NaN,2.00000
7894,"1991-08-12T18:17:14",NaN,NaN,NaN,NaN,NaN,NaN,NaN,NaN,2.00000,NaN,NaN,NaN,NaN,NaN,NaN,NaN,NaN,2.00000
7895,"1991-08-13T13:47:44",NaN,NaN,NaN,NaN,NaN,NaN,NaN,NaN,2.00000,NaN,NaN,NaN,NaN,NaN,NaN,NaN,NaN,2.00000
7896,"1991-08-14T14:51:05",NaN,NaN,NaN,NaN,NaN,NaN,NaN,NaN,2.00000,NaN,NaN,NaN,NaN,NaN,NaN,NaN,NaN,2.00000
7899,"1991-08-17T14:33:07",NaN,NaN,NaN,NaN,NaN,NaN,NaN,NaN,2.00000,NaN,NaN,NaN,NaN,NaN,NaN,NaN,NaN,2.00000
7900,"1991-08-18T16:53:16",NaN,NaN,NaN,NaN,NaN,NaN,NaN,NaN,2.00000,NaN,NaN,NaN,NaN,NaN,NaN,NaN,NaN,2.00000
7901,"1991-08-19T17:26:05",NaN,NaN,NaN,NaN,NaN,NaN,NaN,NaN,2.00000,NaN,NaN,NaN,NaN,NaN,NaN,NaN,NaN,2.00000
7905,"1991-08-23T16:07:08",NaN,NaN,NaN,NaN,NaN,NaN,NaN,NaN,2.00000,NaN,NaN,NaN,NaN,NaN,NaN,NaN,NaN,2.00000
7906,"1991-08-24T14:37:27",NaN,NaN,NaN,NaN,NaN,NaN,NaN,NaN,2.00000,NaN,NaN,NaN,NaN,NaN,NaN,NaN,NaN,2.00000
7907,"1991-08-25T14:18:38",NaN,NaN,NaN,NaN,NaN,NaN,NaN,NaN,2.00000,NaN,NaN,NaN,NaN,NaN,NaN,NaN,NaN,2.00000
7908,"1991-08-26T14:25:03",NaN,NaN,NaN,NaN,NaN,NaN,NaN,NaN,2.00000,NaN,NaN,NaN,NaN,NaN,NaN,NaN,NaN,2.00000
7911,"1991-08-29T16:01:07",NaN,NaN,NaN,NaN,NaN,NaN,NaN,NaN,2.00000,NaN,NaN,NaN,NaN,NaN,NaN,NaN,NaN,2.00000
7914,"1991-09-01T15:49:08",NaN,NaN,NaN,NaN,NaN,NaN,NaN,NaN,2.00000,NaN,NaN,NaN,NaN,NaN,NaN,NaN,NaN,2.00000
7916,"1991-09-03T15:49:18",NaN,NaN,NaN,NaN,NaN,NaN,NaN,NaN,2.00000,NaN,NaN,NaN,NaN,NaN,NaN,NaN,NaN,2.00000
7919,"1991-09-06T14:12:18",NaN,NaN,NaN,NaN,NaN,NaN,NaN,NaN,2.00000,NaN,NaN,NaN,NaN,NaN,NaN,NaN,NaN,2.00000
7920,"1991-09-07T14:16:26",NaN,NaN,NaN,NaN,NaN,NaN,NaN,NaN,2.00000,NaN,NaN,NaN,NaN,NaN,NaN,NaN,NaN,2.00000
7921,"1991-09-08T14:21:14",NaN,NaN,NaN,NaN,NaN,NaN,NaN,NaN,2.00000,NaN,NaN,NaN,NaN,NaN,NaN,NaN,NaN,2.00000
7928,"1991-09-15T14:17:14",NaN,NaN,NaN,NaN,NaN,NaN,NaN,NaN,2.00000,NaN,NaN,NaN,NaN,NaN,NaN,NaN,NaN,2.00000
7933,"1991-09-20T16:23:44",NaN,NaN,NaN,NaN,NaN,NaN,NaN,NaN,2.00000,NaN,NaN,NaN,NaN,NaN,NaN,NaN,NaN,2.00000
7935,"1991-09-22T14:41:57",NaN,NaN,NaN,NaN,NaN,NaN,NaN,NaN,2.00000,NaN,NaN,NaN,NaN,NaN,NaN,NaN,NaN,2.00000
7936,"1991-09-23T15:47:33",NaN,NaN,NaN,NaN,NaN,NaN,NaN,NaN,2.00000,NaN,NaN,NaN,NaN,NaN,NaN,NaN,NaN,2.00000
7937,"1991-09-24T18:01:18",NaN,NaN,NaN,NaN,NaN,NaN,NaN,NaN,2.00000,NaN,NaN,NaN,NaN,NaN,NaN,NaN,NaN,2.00000
7939,"1991-09-26T14:15:50",NaN,NaN,NaN,NaN,NaN,NaN,NaN,NaN,2.00000,NaN,NaN,NaN,NaN,NaN,NaN,NaN,NaN,2.00000
7941,"1991-09-28T14:21:12",NaN,NaN,NaN,NaN,NaN,NaN,NaN,NaN,2.00000,NaN,NaN,NaN,NaN,NaN,NaN,NaN,NaN,2.00000
7942,"1991-09-29T14:21:05",NaN,NaN,NaN,NaN,NaN,NaN,NaN,NaN,2.00000,NaN,NaN,NaN,NaN,NaN,NaN,NaN,NaN,2.00000
7943,"1991-09-30T14:20:42",NaN,NaN,NaN,NaN,NaN,NaN,NaN,NaN,2.00000,NaN,NaN,NaN,NaN,NaN,NaN,NaN,NaN,2.00000
7944,"1991-10-01T16:53:28",NaN,NaN,NaN,NaN,NaN,NaN,NaN,NaN,2.00000,NaN,NaN,NaN,NaN,NaN,NaN,NaN,NaN,2.00000
7945,"1991-10-02T19:49:43",NaN,NaN,NaN,NaN,NaN,NaN,NaN,NaN,2.00000,NaN,NaN,NaN,NaN,NaN,NaN,NaN,NaN,2.00000
7946,"1991-10-03T14:39:48",NaN,NaN,NaN,NaN,NaN,NaN,NaN,NaN,2.00000,NaN,NaN,NaN,NaN,NaN,NaN,NaN,NaN,2.00000
7975,"1991-11-01T14:48:24",NaN,NaN,NaN,NaN,NaN,NaN,NaN,NaN,2.00000,NaN,NaN,NaN,NaN,NaN,NaN,NaN,NaN,2.00000
7976,"1991-11-02T14:47:35",NaN,NaN,NaN,NaN,NaN,NaN,NaN,NaN,2.00000,NaN,NaN,NaN,NaN,NaN,NaN,NaN,NaN,2.00000
7977,"1991-11-03T15:05:07",NaN,NaN,NaN,NaN,NaN,NaN,NaN,NaN,2.00000,NaN,NaN,NaN,NaN,NaN,NaN,NaN,NaN,2.00000
7978,"1991-11-04T16:53:52",NaN,NaN,NaN,NaN,NaN,NaN,NaN,NaN,2.00000,NaN,NaN,NaN,NaN,NaN,NaN,NaN,NaN,2.00000
7979,"1991-11-05T16:21:53",NaN,NaN,NaN,NaN,NaN,NaN,NaN,NaN,2.00000,NaN,NaN,NaN,NaN,NaN,NaN,NaN,NaN,2.00000
7980,"1991-11-06T18:21:19",NaN,NaN,NaN,NaN,NaN,NaN,NaN,NaN,2.00000,NaN,NaN,NaN,NaN,NaN,NaN,NaN,NaN,2.00000
7986,"1991-11-12T16:07:28",NaN,NaN,NaN,NaN,NaN,NaN,NaN,NaN,2.00000,NaN,NaN,NaN,NaN,NaN,NaN,NaN,NaN,2.00000
7991,"1991-11-17T16:28:30",NaN,NaN,NaN,NaN,NaN,NaN,NaN,NaN,2.00000,NaN,NaN,NaN,NaN,NaN,NaN,NaN,NaN,2.00000
7993,"1991-11-19T17:31:18",NaN,NaN,NaN,NaN,NaN,NaN,NaN,NaN,2.00000,NaN,NaN,NaN,NaN,NaN,NaN,NaN,NaN,2.00000
7994,"1991-11-20T16:38:16",NaN,NaN,NaN,NaN,NaN,NaN,NaN,NaN,2.00000,NaN,NaN,NaN,NaN,NaN,NaN,NaN,NaN,2.00000
7995,"1991-11-21T15:53:20",NaN,NaN,NaN,NaN,NaN,NaN,NaN,NaN,2.00000,NaN,NaN,NaN,NaN,NaN,NaN,NaN,NaN,2.00000
7996,"1991-11-22T15:59:20",NaN,NaN,NaN,NaN,NaN,NaN,NaN,NaN,2.00000,NaN,NaN,NaN,NaN,NaN,NaN,NaN,NaN,2.00000
7997,"1991-11-23T15:56:55",NaN,NaN,NaN,NaN,NaN,NaN,NaN,NaN,2.00000,NaN,NaN,NaN,NaN,NaN,NaN,NaN,NaN,2.00000
7998,"1991-11-24T16:04:59",NaN,NaN,NaN,NaN,NaN,NaN,NaN,NaN,2.00000,NaN,NaN,NaN,NaN,NaN,NaN,NaN,NaN,2.00000
7999,"1991-11-25T16:49:51",NaN,NaN,NaN,NaN,NaN,NaN,NaN,NaN,2.00000,NaN,NaN,NaN,NaN,NaN,NaN,NaN,NaN,2.00000
8000,"1991-11-26T16:06:46",NaN,NaN,NaN,NaN,NaN,NaN,NaN,NaN,2.00000,NaN,NaN,NaN,NaN,NaN,NaN,NaN,NaN,2.00000
8001,"1991-11-27T16:07:00",NaN,NaN,NaN,NaN,NaN,NaN,NaN,NaN,2.00000,NaN,NaN,NaN,NaN,NaN,NaN,NaN,NaN,2.00000
8003,"1991-11-29T16:11:43",NaN,NaN,NaN,NaN,NaN,NaN,NaN,NaN,2.00000,NaN,NaN,NaN,NaN,NaN,NaN,NaN,NaN,2.00000
8006,"1991-12-02T16:26:05",NaN,NaN,NaN,NaN,NaN,NaN,NaN,NaN,2.00000,NaN,NaN,NaN,NaN,NaN,NaN,NaN,NaN,2.00000
8007,"1991-12-03T16:50:52",NaN,NaN,NaN,NaN,NaN,NaN,NaN,NaN,2.00000,NaN,NaN,NaN,NaN,NaN,NaN,NaN,NaN,2.00000
8010,"1991-12-06T17:55:45",NaN,NaN,NaN,NaN,NaN,NaN,NaN,NaN,2.00000,NaN,NaN,NaN,NaN,NaN,NaN,NaN,NaN,2.00000
8011,"1991-12-07T15:53:30",NaN,NaN,NaN,NaN,NaN,NaN,NaN,NaN,2.00000,NaN,NaN,NaN,NaN,NaN,NaN,NaN,NaN,2.00000
8017,"1991-12-13T16:01:29",NaN,NaN,NaN,NaN,NaN,NaN,NaN,NaN,2.00000,NaN,NaN,NaN,NaN,NaN,NaN,NaN,NaN,2.00000
8018,"1991-12-14T15:32:35",NaN,NaN,NaN,NaN,NaN,NaN,NaN,NaN,2.00000,NaN,NaN,NaN,NaN,NaN,NaN,NaN,NaN,2.00000
8019,"1991-12-15T15:33:51",NaN,NaN,NaN,NaN,NaN,NaN,NaN,NaN,2.00000,NaN,NaN,NaN,NaN,NaN,NaN,NaN,NaN,2.00000
8030,"1991-12-26T16:08:21",NaN,NaN,NaN,NaN,NaN,NaN,NaN,NaN,2.00000,NaN,NaN,NaN,NaN,NaN,NaN,NaN,NaN,2.00000
8031,"1991-12-27T15:54:06",NaN,NaN,NaN,NaN,NaN,NaN,NaN,NaN,2.00000,NaN,NaN,NaN,NaN,NaN,NaN,NaN,NaN,2.00000
8032,"1991-12-28T17:16:52",NaN,NaN,NaN,NaN,NaN,NaN,NaN,NaN,2.00000,NaN,NaN,NaN,NaN,NaN,NaN,NaN,NaN,2.00000
8036,"1992-01-01T16:54:29",NaN,NaN,NaN,NaN,NaN,NaN,NaN,NaN,2.00000,NaN,NaN,NaN,NaN,NaN,NaN,NaN,NaN,2.00000
8037,"1992-01-02T18:27:48",NaN,NaN,NaN,NaN,NaN,NaN,NaN,NaN,2.00000,NaN,NaN,NaN,NaN,NaN,NaN,NaN,NaN,2.00000
8043,"1992-01-08T16:36:27",NaN,NaN,NaN,NaN,NaN,NaN,NaN,NaN,2.00000,NaN,NaN,NaN,NaN,NaN,NaN,NaN,NaN,2.00000
8044,"1992-01-09T15:33:32",NaN,NaN,NaN,NaN,NaN,NaN,NaN,NaN,2.00000,NaN,NaN,NaN,NaN,NaN,NaN,NaN,NaN,2.00000
8048,"1992-01-13T16:40:19",NaN,NaN,NaN,NaN,NaN,NaN,NaN,NaN,2.00000,NaN,NaN,NaN,NaN,NaN,NaN,NaN,NaN,2.00000
8049,"1992-01-14T16:23:14",NaN,NaN,NaN,NaN,NaN,NaN,NaN,NaN,2.00000,NaN,NaN,NaN,NaN,NaN,NaN,NaN,NaN,2.00000
8050,"1992-01-15T16:20:30",NaN,NaN,NaN,NaN,NaN,NaN,NaN,NaN,2.00000,NaN,NaN,NaN,NaN,NaN,NaN,NaN,NaN,2.00000
8051,"1992-01-16T16:46:12",NaN,NaN,NaN,NaN,NaN,NaN,NaN,NaN,2.00000,NaN,NaN,NaN,NaN,NaN,NaN,NaN,NaN,2.00000
8053,"1992-01-18T16:16:59",NaN,NaN,NaN,NaN,NaN,NaN,NaN,NaN,2.00000,NaN,NaN,NaN,NaN,NaN,NaN,NaN,NaN,2.00000
8057,"1992-01-22T16:38:30",NaN,NaN,NaN,NaN,NaN,NaN,NaN,NaN,2.00000,NaN,NaN,NaN,NaN,NaN,NaN,NaN,NaN,2.00000
8058,"1992-01-23T16:42:45",NaN,NaN,NaN,NaN,NaN,NaN,NaN,NaN,2.00000,NaN,NaN,NaN,NaN,NaN,NaN,NaN,NaN,2.00000
8059,"1992-01-24T16:22:08",NaN,NaN,NaN,NaN,NaN,NaN,NaN,NaN,2.00000,NaN,NaN,NaN,NaN,NaN,NaN,NaN,NaN,2.00000
8060,"1992-01-25T16:26:31",NaN,NaN,NaN,NaN,NaN,NaN,NaN,NaN,2.00000,NaN,NaN,NaN,NaN,NaN,NaN,NaN,NaN,2.00000
8061,"1992-01-26T16:27:55",NaN,NaN,NaN,NaN,NaN,NaN,NaN,NaN,2.00000,NaN,NaN,NaN,NaN,NaN,NaN,NaN,NaN,2.00000
8062,"1992-01-27T20:11:55",NaN,NaN,NaN,NaN,NaN,NaN,NaN,NaN,2.00000,NaN,NaN,NaN,NaN,NaN,NaN,NaN,NaN,2.00000
8063,"1992-01-28T16:57:52",NaN,NaN,NaN,NaN,NaN,NaN,NaN,NaN,2.00000,NaN,NaN,NaN,NaN,NaN,NaN,NaN,NaN,2.00000
8065,"1992-01-30T16:36:00",NaN,NaN,NaN,NaN,NaN,NaN,NaN,NaN,2.00000,NaN,NaN,NaN,NaN,NaN,NaN,NaN,NaN,2.00000
8066,"1992-01-31T16:23:38",NaN,NaN,NaN,NaN,NaN,NaN,NaN,NaN,2.00000,NaN,NaN,NaN,NaN,NaN,NaN,NaN,NaN,2.00000
8071,"1992-02-05T17:13:06",NaN,NaN,NaN,NaN,NaN,NaN,NaN,NaN,2.00000,NaN,NaN,NaN,NaN,NaN,NaN,NaN,NaN,2.00000
8080,"1992-02-14T20:52:15",NaN,NaN,NaN,NaN,NaN,NaN,NaN,NaN,2.00000,NaN,NaN,NaN,NaN,NaN,NaN,NaN,NaN,2.00000
8082,"1992-02-16T17:50:57",NaN,NaN,NaN,NaN,NaN,NaN,NaN,NaN,2.00000,NaN,NaN,NaN,NaN,NaN,NaN,NaN,NaN,2.00000
8084,"1992-02-18T15:56:06",NaN,NaN,NaN,NaN,NaN,NaN,NaN,NaN,2.00000,NaN,NaN,NaN,NaN,NaN,NaN,NaN,NaN,2.00000
8085,"1992-02-19T18:04:22",NaN,NaN,NaN,NaN,NaN,NaN,NaN,NaN,2.00000,NaN,NaN,NaN,NaN,NaN,NaN,NaN,NaN,2.00000
8087,"1992-02-21T15:01:01",NaN,NaN,NaN,NaN,NaN,NaN,NaN,NaN,2.00000,NaN,NaN,NaN,NaN,NaN,NaN,NaN,NaN,2.00000
8088,"1992-02-22T15:13:37",NaN,NaN,NaN,NaN,NaN,NaN,NaN,NaN,2.00000,NaN,NaN,NaN,NaN,NaN,NaN,NaN,NaN,2.00000
8089,"1992-02-23T16:23:59",NaN,NaN,NaN,NaN,NaN,NaN,NaN,NaN,2.00000,NaN,NaN,NaN,NaN,NaN,NaN,NaN,NaN,2.00000
8090,"1992-02-24T16:39:33",NaN,NaN,NaN,NaN,NaN,NaN,NaN,NaN,2.00000,NaN,NaN,NaN,NaN,NaN,NaN,NaN,NaN,2.00000
8091,"1992-02-25T16:00:51",NaN,NaN,NaN,NaN,NaN,NaN,NaN,NaN,2.00000,NaN,NaN,NaN,NaN,NaN,NaN,NaN,NaN,2.00000
8092,"1992-02-26T15:57:13",NaN,NaN,NaN,NaN,NaN,NaN,NaN,NaN,2.00000,NaN,NaN,NaN,NaN,NaN,NaN,NaN,NaN,2.00000
8093,"1992-02-27T14:55:05",NaN,NaN,NaN,NaN,NaN,NaN,NaN,NaN,2.00000,NaN,NaN,NaN,NaN,NaN,NaN,NaN,NaN,2.00000
8094,"1992-02-28T14:47:20",NaN,NaN,NaN,NaN,NaN,NaN,NaN,NaN,2.00000,NaN,NaN,NaN,NaN,NaN,NaN,NaN,NaN,2.00000
8095,"1992-02-29T17:55:58",NaN,NaN,NaN,NaN,NaN,NaN,NaN,NaN,2.00000,NaN,NaN,NaN,NaN,NaN,NaN,NaN,NaN,2.00000
8100,"1992-03-05T15:43:02",NaN,NaN,NaN,NaN,NaN,NaN,NaN,NaN,2.00000,NaN,NaN,NaN,NaN,NaN,NaN,NaN,NaN,2.00000
8101,"1992-03-06T14:51:50",NaN,NaN,NaN,NaN,NaN,NaN,NaN,NaN,2.00000,NaN,NaN,NaN,NaN,NaN,NaN,NaN,NaN,2.00000
8102,"1992-03-07T14:53:49",NaN,NaN,NaN,NaN,NaN,NaN,NaN,NaN,2.00000,NaN,NaN,NaN,NaN,NaN,NaN,NaN,NaN,2.00000
8105,"1992-03-10T18:20:42",NaN,NaN,NaN,NaN,NaN,NaN,NaN,NaN,2.00000,NaN,NaN,NaN,NaN,NaN,NaN,NaN,NaN,2.00000
8106,"1992-03-11T16:57:41",NaN,NaN,NaN,NaN,NaN,NaN,NaN,NaN,2.00000,NaN,NaN,NaN,NaN,NaN,NaN,NaN,NaN,2.00000
8107,"1992-03-12T14:54:08",NaN,NaN,NaN,NaN,NaN,NaN,NaN,NaN,2.00000,NaN,NaN,NaN,NaN,NaN,NaN,NaN,NaN,2.00000
8108,"1992-03-13T15:37:44",NaN,NaN,NaN,NaN,NaN,NaN,NaN,NaN,2.00000,NaN,NaN,NaN,NaN,NaN,NaN,NaN,NaN,2.00000
8109,"1992-03-14T14:48:30",NaN,NaN,NaN,NaN,NaN,NaN,NaN,NaN,2.00000,NaN,NaN,NaN,NaN,NaN,NaN,NaN,NaN,2.00000
8110,"1992-03-15T17:53:17",NaN,NaN,NaN,NaN,NaN,NaN,NaN,NaN,2.00000,NaN,NaN,NaN,NaN,NaN,NaN,NaN,NaN,2.00000
8111,"1992-03-16T16:21:20",NaN,NaN,NaN,NaN,NaN,NaN,NaN,NaN,2.00000,NaN,NaN,NaN,NaN,NaN,NaN,NaN,NaN,2.00000
8113,"1992-03-18T14:52:02",NaN,NaN,NaN,NaN,NaN,NaN,NaN,NaN,2.00000,NaN,NaN,NaN,NaN,NaN,NaN,NaN,NaN,2.00000
8114,"1992-03-19T14:55:56",NaN,NaN,NaN,NaN,NaN,NaN,NaN,NaN,2.00000,NaN,NaN,NaN,NaN,NaN,NaN,NaN,NaN,2.00000
8115,"1992-03-20T14:52:15",NaN,NaN,NaN,NaN,NaN,NaN,NaN,NaN,2.00000,NaN,NaN,NaN,NaN,NaN,NaN,NaN,NaN,2.00000
8118,"1992-03-23T14:43:14",NaN,NaN,NaN,NaN,NaN,NaN,NaN,NaN,2.00000,NaN,NaN,NaN,NaN,NaN,NaN,NaN,NaN,2.00000
8119,"1992-03-24T14:36:16",NaN,NaN,NaN,NaN,NaN,NaN,NaN,NaN,2.00000,NaN,NaN,NaN,NaN,NaN,NaN,NaN,NaN,2.00000
8120,"1992-03-25T15:54:40",NaN,NaN,NaN,NaN,NaN,NaN,NaN,NaN,2.00000,NaN,NaN,NaN,NaN,NaN,NaN,NaN,NaN,2.00000
8129,"1992-04-03T15:16:03",NaN,NaN,NaN,NaN,NaN,NaN,NaN,NaN,2.00000,NaN,NaN,NaN,NaN,NaN,NaN,NaN,NaN,2.00000
8130,"1992-04-04T14:50:38",NaN,NaN,NaN,NaN,NaN,NaN,NaN,NaN,2.00000,NaN,NaN,NaN,NaN,NaN,NaN,NaN,NaN,2.00000
8131,"1992-04-05T14:24:50",NaN,NaN,NaN,NaN,NaN,NaN,NaN,NaN,2.00000,NaN,NaN,NaN,NaN,NaN,NaN,NaN,NaN,2.00000
8132,"1992-04-06T14:32:29",NaN,NaN,NaN,NaN,NaN,NaN,NaN,NaN,2.00000,NaN,NaN,NaN,NaN,NaN,NaN,NaN,NaN,2.00000
8133,"1992-04-07T17:01:37",NaN,NaN,NaN,NaN,NaN,NaN,NaN,NaN,2.00000,NaN,NaN,NaN,NaN,NaN,NaN,NaN,NaN,2.00000
8134,"1992-04-08T15:47:27",NaN,NaN,NaN,NaN,NaN,NaN,NaN,NaN,2.00000,NaN,NaN,NaN,NaN,NaN,NaN,NaN,NaN,2.00000
8135,"1992-04-09T14:27:39",NaN,NaN,NaN,NaN,NaN,NaN,NaN,NaN,2.00000,NaN,NaN,NaN,NaN,NaN,NaN,NaN,NaN,2.00000
8136,"1992-04-10T14:32:14",NaN,NaN,NaN,NaN,NaN,NaN,NaN,NaN,2.00000,NaN,NaN,NaN,NaN,NaN,NaN,NaN,NaN,2.00000
8368,"1992-11-28T19:20:41",NaN,NaN,NaN,NaN,NaN,NaN,NaN,NaN,2.00000,NaN,NaN,NaN,NaN,NaN,NaN,NaN,NaN,2.00000
8376,"1992-12-06T21:06:11",NaN,NaN,NaN,NaN,NaN,NaN,NaN,NaN,2.00000,NaN,NaN,NaN,NaN,NaN,NaN,NaN,NaN,2.00000
8381,"1992-12-11T18:40:00",NaN,NaN,NaN,NaN,NaN,NaN,NaN,NaN,2.00000,NaN,NaN,NaN,NaN,NaN,NaN,NaN,NaN,2.00000
8386,"1992-12-16T18:28:37",NaN,NaN,NaN,NaN,NaN,NaN,NaN,NaN,2.00000,NaN,NaN,NaN,NaN,NaN,NaN,NaN,NaN,2.00000
8392,"1992-12-22T20:38:40",NaN,NaN,NaN,NaN,NaN,NaN,NaN,NaN,2.00000,NaN,NaN,NaN,NaN,NaN,NaN,NaN,NaN,2.00000
8396,"1992-12-26T18:52:50",NaN,NaN,NaN,NaN,NaN,NaN,NaN,NaN,2.00000,NaN,NaN,NaN,NaN,NaN,NaN,NaN,NaN,2.00000
8423,"1993-01-22T18:29:11",NaN,NaN,NaN,NaN,NaN,NaN,NaN,NaN,2.00000,NaN,NaN,NaN,NaN,NaN,NaN,NaN,NaN,2.00000
8425,"1993-01-24T18:30:51",NaN,NaN,NaN,NaN,NaN,NaN,NaN,NaN,2.00000,NaN,NaN,NaN,NaN,NaN,NaN,NaN,NaN,2.00000
8434,"1993-02-02T18:55:35",NaN,NaN,NaN,NaN,NaN,NaN,NaN,NaN,2.00000,NaN,NaN,NaN,NaN,NaN,NaN,NaN,NaN,2.00000
8438,"1993-02-06T20:04:06",NaN,NaN,NaN,NaN,NaN,NaN,NaN,NaN,2.00000,NaN,NaN,NaN,NaN,NaN,NaN,NaN,NaN,2.00000
8444,"1993-02-12T20:57:06",NaN,NaN,NaN,NaN,NaN,NaN,NaN,NaN,2.00000,NaN,NaN,NaN,NaN,NaN,NaN,NaN,NaN,2.00000
8458,"1993-02-26T17:32:42",NaN,NaN,NaN,NaN,NaN,NaN,NaN,NaN,2.00000,NaN,NaN,NaN,NaN,NaN,NaN,NaN,NaN,2.00000
8463,"1993-03-03T17:35:59",NaN,NaN,NaN,NaN,NaN,NaN,NaN,NaN,2.00000,NaN,NaN,NaN,NaN,NaN,NaN,NaN,NaN,2.00000
8465,"1993-03-05T17:40:09",NaN,NaN,NaN,NaN,NaN,NaN,NaN,NaN,2.00000,NaN,NaN,NaN,NaN,NaN,NaN,NaN,NaN,2.00000
8466,"1993-03-06T18:24:59",NaN,NaN,NaN,NaN,NaN,NaN,NaN,NaN,2.00000,NaN,NaN,NaN,NaN,NaN,NaN,NaN,NaN,2.00000
8467,"1993-03-07T17:35:26",NaN,NaN,NaN,NaN,NaN,NaN,NaN,NaN,2.00000,NaN,NaN,NaN,NaN,NaN,NaN,NaN,NaN,2.00000
8468,"1993-03-08T18:39:29",NaN,NaN,NaN,NaN,NaN,NaN,NaN,NaN,2.00000,NaN,NaN,NaN,NaN,NaN,NaN,NaN,NaN,2.00000
8470,"1993-03-10T18:19:18",NaN,NaN,NaN,NaN,NaN,NaN,NaN,NaN,2.00000,NaN,NaN,NaN,NaN,NaN,NaN,NaN,NaN,2.00000
8472,"1993-03-12T19:13:22",NaN,NaN,NaN,NaN,NaN,NaN,NaN,NaN,2.00000,NaN,NaN,NaN,NaN,NaN,NaN,NaN,NaN,2.00000
8473,"1993-03-13T17:00:54",NaN,NaN,NaN,NaN,NaN,NaN,NaN,NaN,2.00000,NaN,NaN,NaN,NaN,NaN,NaN,NaN,NaN,2.00000
8475,"1993-03-15T18:49:06",NaN,NaN,NaN,NaN,NaN,NaN,NaN,NaN,2.00000,NaN,NaN,NaN,NaN,NaN,NaN,NaN,NaN,2.00000
8476,"1993-03-16T18:55:24",NaN,NaN,NaN,NaN,NaN,NaN,NaN,NaN,2.00000,NaN,NaN,NaN,NaN,NaN,NaN,NaN,NaN,2.00000
8477,"1993-03-17T18:21:30",NaN,NaN,NaN,NaN,NaN,NaN,NaN,NaN,2.00000,NaN,NaN,NaN,NaN,NaN,NaN,NaN,NaN,2.00000
8479,"1993-03-19T17:50:58",NaN,NaN,NaN,NaN,NaN,NaN,NaN,NaN,2.00000,NaN,NaN,NaN,NaN,NaN,NaN,NaN,NaN,2.00000
8481,"1993-03-21T14:38:59",NaN,NaN,NaN,NaN,NaN,NaN,NaN,NaN,2.00000,NaN,NaN,NaN,NaN,NaN,NaN,NaN,NaN,2.00000
8485,"1993-03-25T17:54:30",NaN,NaN,NaN,NaN,NaN,NaN,NaN,NaN,2.00000,NaN,NaN,NaN,NaN,NaN,NaN,NaN,NaN,2.00000
8488,"1993-03-28T18:12:29",NaN,NaN,NaN,NaN,NaN,NaN,NaN,NaN,2.00000,NaN,NaN,NaN,NaN,NaN,NaN,NaN,NaN,2.00000
8490,"1993-03-30T17:51:50",NaN,NaN,NaN,NaN,NaN,NaN,NaN,NaN,2.00000,NaN,NaN,NaN,NaN,NaN,NaN,NaN,NaN,2.00000
8492,"1993-04-01T18:32:41",NaN,NaN,NaN,NaN,NaN,NaN,NaN,NaN,2.00000,NaN,NaN,NaN,NaN,NaN,NaN,NaN,NaN,2.00000
8493,"1993-04-02T17:04:05",NaN,NaN,NaN,NaN,NaN,NaN,NaN,NaN,2.00000,NaN,NaN,NaN,NaN,NaN,NaN,NaN,NaN,2.00000
8494,"1993-04-03T17:05:48",NaN,NaN,NaN,NaN,NaN,NaN,NaN,NaN,2.00000,NaN,NaN,NaN,NaN,NaN,NaN,NaN,NaN,2.00000
8495,"1993-04-04T17:03:12",NaN,NaN,NaN,NaN,NaN,NaN,NaN,NaN,2.00000,NaN,NaN,NaN,NaN,NaN,NaN,NaN,NaN,2.00000
8497,"1993-04-06T20:26:29",NaN,NaN,NaN,NaN,NaN,NaN,NaN,NaN,2.00000,NaN,NaN,NaN,NaN,NaN,NaN,NaN,NaN,2.00000
8499,"1993-04-08T19:00:36",NaN,NaN,NaN,NaN,NaN,NaN,NaN,NaN,2.00000,NaN,NaN,NaN,NaN,NaN,NaN,NaN,NaN,2.00000
8500,"1993-04-09T18:29:14",NaN,NaN,NaN,NaN,NaN,NaN,NaN,NaN,2.00000,NaN,NaN,NaN,NaN,NaN,NaN,NaN,NaN,2.00000
